{"type":"FeatureCollection","features":[{"type":"Feature","properties":{"name":"Los Angeles"},"geometry":{"type":"MultiPolygon","coordinates":[[[[-118.586,33.474],[-118.545,33.474],[-118.539,33.477],[-118.523,33.462],[-118.503,33.453],[-118.497,33.442],[-118.478,33.448],[-118.473,33.443],[-118.446,33.429],[-118.424,33.427],[-118.395,33.416],[-118.391,33.418],[-118.382,33.41],[-118.37,33.409],[-118.367,33.401],[-118.37,33.396],[-118.368,33.39],[-118.31,33.336],[-118.305,33.31],[-118.317,33.301],[-118.325,33.299],[-118.375,33.32],[-118.409,33.321],[-118.424,33.318],[-118.441,33.319],[-118.465,33.326],[-118.487,33.351],[-118.49,33.36],[-118.483,33.37],[-118.486,33.373],[-118.481,33.376],[-118.482,33.38],[-118.475,33.383],[-118.481,33.389],[-118.486,33.401],[-118.487,33.409],[-118.485,33.412],[-118.489,33.42],[-118.498,33.421],[-118.512,33.43],[-118.516,33.422],[-118.523,33.431],[-118.534,33.429],[-118.537,33.435],[-118.548,33.436],[-118.559,33.433],[-118.575,33.44],[-118.573,33.444],[-118.576,33.448],[-118.593,33.462],[-118.594,33.467],[-118.601,33.47],[-118.607,33.478],[-118.586,33.474]]],[[[-118.599,33.036],[-118.594,33.031],[-118.58,33.034],[-118.574,33.031],[-118.568,33.025],[-118.563,33.007],[-118.553,33.003],[-118.55,32.989],[-118.519,32.959],[-118.5,32.934],[-118.488,32.924],[-118.471,32.916],[-118.457,32.901],[-118.374,32.839],[-118.354,32.821],[-118.361,32.817],[-118.392,32.826],[-118.406,32.821],[-118.409,32.813],[-118.423,32.809],[-118.432,32.801],[-118.439,32.816],[-118.451,32.822],[-118.455,32.821],[-118.475,32.835],[-118.478,32.84],[-118.506,32.853],[-118.508,32.864],[-118.513,32.869],[-118.512,32.879],[-118.525,32.887],[-118.536,32.906],[-118.542,32.907],[-118.547,32.912],[-118.547,32.918],[-118.552,32.919],[-118.55,32.924],[-118.555,32.934],[-118.556,32.947],[-118.58,32.974],[-118.582,32.988],[-118.593,33.012],[-118.601,33.017],[-118.61,33.016],[-118.61,33.033],[-118.599,33.036]]],[[[-118.941,34.075],[-118.789,34.168],[-118.668,34.168],[-118.668,34.24],[-118.632,34.24],[-118.637,34.292],[-118.895,34.818],[-118.88,34.818],[-118.884,34.811],[-118.877,34.803],[-118.854,34.803],[-118.854,34.818],[-117.667,34.823],[-117.667,34.558],[-117.66,34.558],[-117.66,34.452],[-117.646,34.289],[-117.679,34.162],[-117.717,34.067],[-117.73,34.021],[-117.736,34.019],[-117.768,34.024],[-117.768,34.005],[-117.785,34.005],[-117.803,33.976],[-117.802,33.968],[-117.794,33.968],[-117.794,33.954],[-117.783,33.946],[-117.976,33.946],[-117.977,33.903],[-117.985,33.903],[-117.985,33.896],[-117.994,33.896],[-117.994,33.888],[-118.003,33.888],[-118.003,33.881],[-118.011,33.881],[-118.011,33.873],[-118.029,33.873],[-118.029,33.866],[-118.038,33.866],[-118.038,33.862],[-118.046,33.859],[-118.046,33.854],[-118.055,33.85],[-118.055,33.846],[-118.059,33.846],[-118.063,33.82],[-118.073,33.815],[-118.085,33.803],[-118.097,33.779],[-118.092,33.758],[-118.115,33.743],[-118.151,33.76],[-118.181,33.765],[-118.183,33.763],[-118.18,33.759],[-118.19,33.756],[-118.186,33.733],[-118.196,33.733],[-118.215,33.745],[-118.231,33.741],[-118.243,33.743],[-118.238,33.729],[-118.251,33.724],[-118.247,33.715],[-118.257,33.717],[-118.262,33.722],[-118.268,33.722],[-118.274,33.719],[-118.273,33.716],[-118.279,33.718],[-118.284,33.716],[-118.277,33.708],[-118.294,33.705],[-118.296,33.709],[-118.351,33.727],[-118.364,33.738],[-118.374,33.737],[-118.382,33.742],[-118.399,33.737],[-118.403,33.741],[-118.41,33.741],[-118.418,33.763],[-118.424,33.767],[-118.422,33.771],[-118.428,33.774],[-118.418,33.787],[-118.407,33.791],[-118.405,33.8],[-118.394,33.804],[-118.39,33.82],[-118.391,33.839],[-118.4,33.844],[-118.402,33.848],[-118.399,33.855],[-118.412,33.884],[-118.451,33.959],[-118.503,34.017],[-118.544,34.039],[-118.556,34.038],[-118.571,34.042],[-118.61,34.036],[-118.671,34.039],[-118.683,34.031],[-118.695,34.033],[-118.707,34.03],[-118.742,34.033],[-118.752,34.03],[-118.756,34.026],[-118.785,34.021],[-118.795,34.007],[-118.803,34.006],[-118.807,34.0],[-118.821,34.015],[-118.855,34.035],[-118.915,34.042],[-118.924,34.046],[-118.936,34.044],[-118.945,34.047],[-118.941,34.075]]]]}},{"type":"Feature","properties":{"name":"Santa Cruz"},"geometry":{"type":"Polygon","coordinates":[[[-122.243,37.19],[-122.243,37.215],[-122.153,37.215],[-122.152,37.286],[-122.149,37.281],[-122.151,37.276],[-122.131,37.26],[-122.122,37.259],[-122.106,37.241],[-122.104,37.234],[-122.093,37.229],[-122.09,37.223],[-122.078,37.222],[-122.066,37.21],[-122.055,37.212],[-122.041,37.195],[-122.031,37.19],[-122.032,37.182],[-122.027,37.176],[-122.026,37.167],[-122.016,37.166],[-122.003,37.158],[-121.991,37.144],[-121.972,37.142],[-121.954,37.129],[-121.924,37.121],[-121.911,37.113],[-121.895,37.11],[-121.891,37.105],[-121.885,37.108],[-121.87,37.102],[-121.86,37.104],[-121.862,37.099],[-121.849,37.099],[-121.818,37.084],[-121.817,37.078],[-121.809,37.069],[-121.786,37.062],[-121.776,37.053],[-121.767,37.053],[-121.761,37.048],[-121.755,37.048],[-121.742,37.03],[-121.726,37.021],[-121.73,37.022],[-121.736,37.015],[-121.719,37.008],[-121.73,36.998],[-121.73,36.994],[-121.739,36.99],[-121.718,36.996],[-121.706,36.989],[-121.705,36.986],[-121.695,36.985],[-121.698,36.973],[-121.693,36.968],[-121.665,36.964],[-121.663,36.952],[-121.654,36.951],[-121.653,36.942],[-121.646,36.932],[-121.641,36.932],[-121.642,36.936],[-121.637,36.939],[-121.625,36.94],[-121.607,36.926],[-121.59,36.926],[-121.59,36.919],[-121.581,36.919],[-121.581,36.899],[-121.589,36.901],[-121.607,36.899],[-121.62,36.909],[-121.629,36.912],[-121.644,36.894],[-121.646,36.902],[-121.653,36.902],[-121.652,36.909],[-121.658,36.914],[-121.668,36.912],[-121.681,36.903],[-121.697,36.912],[-121.702,36.908],[-121.706,36.91],[-121.707,36.911],[-121.698,36.917],[-121.7,36.92],[-121.71,36.915],[-121.715,36.909],[-121.726,36.914],[-121.736,36.909],[-121.745,36.909],[-121.757,36.9],[-121.769,36.885],[-121.787,36.885],[-121.803,36.869],[-121.801,36.858],[-121.811,36.851],[-121.862,36.932],[-121.895,36.962],[-121.93,36.978],[-121.939,36.978],[-121.952,36.971],[-121.973,36.954],[-121.984,36.959],[-122.013,36.963],[-122.023,36.962],[-122.026,36.952],[-122.041,36.953],[-122.05,36.949],[-122.066,36.948],[-122.08,36.954],[-122.101,36.956],[-122.123,36.966],[-122.127,36.964],[-122.135,36.968],[-122.141,36.975],[-122.154,36.977],[-122.163,36.988],[-122.169,36.989],[-122.184,36.998],[-122.187,37.003],[-122.216,37.022],[-122.217,37.025],[-122.224,37.026],[-122.229,37.039],[-122.252,37.059],[-122.285,37.102],[-122.293,37.107],[-122.289,37.113],[-122.312,37.148],[-122.318,37.187],[-122.243,37.19]]]}},{"type":"Feature","properties":{"name":"Sonoma"},"geometry":{"type":"Polygon","coordinates":[[[-123.521,38.759],[-123.516,38.768],[-123.509,38.768],[-123.507,38.774],[-123.5,38.774],[-123.497,38.779],[-123.368,38.777],[-123.368,38.807],[-123.136,38.809],[-123.137,38.839],[-123.081,38.838],[-123.081,38.852],[-122.818,38.85],[-122.818,38.845],[-122.813,38.843],[-122.812,38.838],[-122.796,38.839],[-122.791,38.83],[-122.78,38.827],[-122.77,38.82],[-122.768,38.814],[-122.748,38.803],[-122.748,38.788],[-122.739,38.782],[-122.734,38.772],[-122.723,38.763],[-122.724,38.757],[-122.709,38.749],[-122.712,38.742],[-122.71,38.732],[-122.701,38.729],[-122.695,38.713],[-122.674,38.706],[-122.669,38.708],[-122.647,38.706],[-122.644,38.699],[-122.637,38.694],[-122.639,38.689],[-122.625,38.674],[-122.627,38.671],[-122.633,38.669],[-122.623,38.664],[-122.623,38.653],[-122.634,38.639],[-122.632,38.628],[-122.629,38.627],[-122.629,38.623],[-122.634,38.62],[-122.633,38.616],[-122.64,38.612],[-122.647,38.598],[-122.63,38.579],[-122.632,38.569],[-122.623,38.568],[-122.621,38.56],[-122.603,38.559],[-122.582,38.549],[-122.567,38.526],[-122.554,38.526],[-122.545,38.521],[-122.542,38.513],[-122.55,38.511],[-122.535,38.502],[-122.545,38.496],[-122.532,38.479],[-122.53,38.47],[-122.516,38.471],[-122.506,38.465],[-122.51,38.462],[-122.509,38.457],[-122.494,38.457],[-122.48,38.451],[-122.486,38.438],[-122.492,38.435],[-122.498,38.424],[-122.471,38.405],[-122.468,38.4],[-122.47,38.397],[-122.466,38.39],[-122.448,38.38],[-122.449,38.375],[-122.457,38.37],[-122.452,38.362],[-122.438,38.357],[-122.427,38.349],[-122.428,38.346],[-122.421,38.34],[-122.412,38.334],[-122.414,38.331],[-122.409,38.321],[-122.405,38.322],[-122.395,38.304],[-122.404,38.3],[-122.4,38.29],[-122.405,38.282],[-122.396,38.271],[-122.388,38.274],[-122.39,38.261],[-122.373,38.247],[-122.374,38.244],[-122.369,38.247],[-122.365,38.246],[-122.364,38.215],[-122.351,38.202],[-122.35,38.194],[-122.36,38.197],[-122.357,38.184],[-122.369,38.182],[-122.366,38.166],[-122.368,38.159],[-122.397,38.161],[-122.407,38.159],[-122.398,38.143],[-122.4,38.139],[-122.443,38.117],[-122.451,38.12],[-122.441,38.135],[-122.445,38.138],[-122.498,38.115],[-122.499,38.111],[-122.508,38.118],[-122.519,38.14],[-122.544,38.158],[-122.557,38.16],[-122.558,38.164],[-122.552,38.169],[-122.563,38.169],[-122.564,38.175],[-122.568,38.177],[-122.565,38.182],[-122.571,38.187],[-122.573,38.186],[-122.571,38.184],[-122.578,38.184],[-122.582,38.188],[-122.591,38.186],[-122.593,38.189],[-122.601,38.185],[-122.604,38.181],[-122.623,38.183],[-122.634,38.178],[-122.649,38.181],[-122.667,38.19],[-122.681,38.19],[-122.688,38.195],[-122.701,38.196],[-122.723,38.207],[-122.74,38.207],[-122.9,38.317],[-122.909,38.314],[-122.911,38.317],[-122.908,38.321],[-122.921,38.317],[-122.917,38.313],[-122.922,38.309],[-122.926,38.313],[-122.935,38.31],[-122.935,38.314],[-122.947,38.311],[-122.966,38.317],[-122.971,38.31],[-122.982,38.311],[-122.995,38.306],[-122.994,38.299],[-123.003,38.296],[-123.024,38.311],[-123.045,38.313],[-123.051,38.311],[-123.054,38.299],[-123.058,38.298],[-123.08,38.324],[-123.075,38.323],[-123.068,38.335],[-123.068,38.36],[-123.081,38.377],[-123.086,38.391],[-123.094,38.395],[-123.096,38.393],[-123.104,38.416],[-123.122,38.43],[-123.122,38.437],[-123.128,38.441],[-123.129,38.45],[-123.144,38.456],[-123.162,38.468],[-123.166,38.475],[-123.202,38.494],[-123.231,38.503],[-123.237,38.509],[-123.255,38.512],[-123.255,38.516],[-123.269,38.525],[-123.269,38.53],[-123.279,38.531],[-123.279,38.536],[-123.306,38.549],[-123.31,38.556],[-123.332,38.566],[-123.34,38.572],[-123.339,38.583],[-123.343,38.59],[-123.35,38.597],[-123.357,38.597],[-123.368,38.603],[-123.372,38.607],[-123.368,38.608],[-123.368,38.613],[-123.375,38.616],[-123.391,38.631],[-123.388,38.633],[-123.409,38.655],[-123.406,38.657],[-123.42,38.675],[-123.435,38.682],[-123.433,38.687],[-123.442,38.7],[-123.453,38.707],[-123.461,38.717],[-123.484,38.728],[-123.493,38.737],[-123.515,38.742],[-123.527,38.752],[-123.525,38.754],[-123.532,38.76],[-123.534,38.768],[-123.521,38.759]]]}},{"type":"Feature","properties":{"name":"Contra Costa"},"geometry":{"type":"Polygon","coordinates":[[[-122.413,37.963],[-122.403,37.955],[-122.396,37.96],[-122.401,37.969],[-122.382,37.972],[-122.368,37.978],[-122.362,37.99],[-122.367,37.998],[-122.368,38.013],[-122.333,38.002],[-122.315,38.012],[-122.301,38.011],[-122.289,38.022],[-122.283,38.023],[-122.271,38.041],[-122.263,38.045],[-122.263,38.051],[-122.27,38.06],[-122.244,38.064],[-122.184,38.054],[-122.165,38.035],[-122.147,38.032],[-122.123,38.036],[-122.061,38.062],[-122.028,38.059],[-122.015,38.063],[-121.977,38.067],[-121.935,38.049],[-121.907,38.045],[-121.875,38.051],[-121.862,38.066],[-121.854,38.065],[-121.847,38.06],[-121.832,38.031],[-121.818,38.022],[-121.781,38.019],[-121.738,38.027],[-121.7,38.045],[-121.681,38.061],[-121.68,38.069],[-121.682,38.082],[-121.679,38.089],[-121.673,38.094],[-121.662,38.096],[-121.638,38.086],[-121.633,38.089],[-121.627,38.098],[-121.605,38.1],[-121.585,38.096],[-121.578,38.092],[-121.577,38.078],[-121.573,38.074],[-121.582,38.068],[-121.584,38.036],[-121.58,38.032],[-121.578,38.034],[-121.58,38.041],[-121.572,38.041],[-121.572,38.031],[-121.564,38.03],[-121.558,38.017],[-121.572,38.018],[-121.567,38.013],[-121.578,38.011],[-121.58,38.008],[-121.579,38.004],[-121.569,38.001],[-121.579,37.999],[-121.576,37.995],[-121.582,37.984],[-121.572,37.979],[-121.58,37.976],[-121.565,37.96],[-121.575,37.955],[-121.564,37.955],[-121.569,37.948],[-121.567,37.944],[-121.558,37.946],[-121.563,37.944],[-121.561,37.936],[-121.557,37.932],[-121.559,37.928],[-121.556,37.923],[-121.565,37.919],[-121.563,37.911],[-121.573,37.905],[-121.566,37.898],[-121.568,37.892],[-121.576,37.889],[-121.574,37.883],[-121.579,37.872],[-121.573,37.866],[-121.579,37.858],[-121.57,37.861],[-121.571,37.858],[-121.566,37.858],[-121.562,37.853],[-121.56,37.859],[-121.555,37.858],[-121.553,37.861],[-121.547,37.855],[-121.541,37.858],[-121.54,37.849],[-121.534,37.85],[-121.538,37.837],[-121.544,37.833],[-121.549,37.834],[-121.553,37.819],[-121.557,37.816],[-121.96,37.719],[-121.972,37.73],[-121.988,37.733],[-122.012,37.747],[-122.011,37.755],[-121.997,37.763],[-122.014,37.78],[-122.045,37.798],[-122.14,37.805],[-122.157,37.818],[-122.167,37.813],[-122.186,37.821],[-122.185,37.837],[-122.196,37.842],[-122.203,37.851],[-122.209,37.852],[-122.221,37.865],[-122.216,37.869],[-122.218,37.872],[-122.229,37.881],[-122.242,37.882],[-122.249,37.887],[-122.249,37.891],[-122.257,37.9],[-122.264,37.904],[-122.271,37.906],[-122.288,37.898],[-122.315,37.899],[-122.322,37.895],[-122.325,37.898],[-122.322,37.905],[-122.325,37.908],[-122.36,37.91],[-122.362,37.917],[-122.365,37.916],[-122.364,37.906],[-122.391,37.909],[-122.387,37.921],[-122.398,37.929],[-122.41,37.932],[-122.414,37.937],[-122.411,37.94],[-122.414,37.945],[-122.423,37.947],[-122.419,37.951],[-122.421,37.955],[-122.43,37.965],[-122.413,37.963]]]}},{"type":"Feature","properties":{"name":"Merced"},"geometry":{"type":"Polygon","coordinates":[[[-121.241,37.032],[-121.236,37.037],[-121.225,37.04],[-121.225,37.056],[-121.213,37.055],[-121.208,37.061],[-121.21,37.068],[-121.223,37.074],[-121.225,37.079],[-121.235,37.086],[-121.242,37.085],[-121.245,37.089],[-121.243,37.093],[-121.23,37.097],[-121.23,37.105],[-121.226,37.107],[-121.224,37.115],[-121.217,37.123],[-121.227,37.135],[-120.965,37.345],[-120.976,37.35],[-120.978,37.362],[-120.981,37.365],[-120.974,37.369],[-120.979,37.371],[-120.973,37.376],[-120.984,37.375],[-120.982,37.385],[-120.993,37.384],[-120.995,37.387],[-120.99,37.39],[-120.989,37.397],[-120.886,37.44],[-120.388,37.633],[-120.319,37.521],[-120.317,37.506],[-120.311,37.497],[-120.299,37.489],[-120.3,37.484],[-120.28,37.458],[-120.275,37.441],[-120.284,37.432],[-120.283,37.424],[-120.276,37.419],[-120.255,37.385],[-120.247,37.38],[-120.217,37.337],[-120.204,37.313],[-120.188,37.301],[-120.183,37.291],[-120.187,37.28],[-120.178,37.262],[-120.144,37.239],[-120.09,37.221],[-120.062,37.198],[-120.052,37.183],[-120.115,37.166],[-120.133,37.167],[-120.165,37.163],[-120.174,37.166],[-120.176,37.162],[-120.188,37.16],[-120.195,37.163],[-120.223,37.164],[-120.244,37.157],[-120.29,37.152],[-120.304,37.141],[-120.325,37.136],[-120.328,37.131],[-120.341,37.125],[-120.363,37.12],[-120.385,37.125],[-120.404,37.116],[-120.406,37.111],[-120.421,37.11],[-120.453,37.099],[-120.461,37.099],[-120.47,37.094],[-120.477,37.096],[-120.599,36.999],[-120.585,36.991],[-120.586,36.985],[-120.59,36.982],[-120.591,36.953],[-120.656,36.953],[-120.919,36.74],[-120.933,36.752],[-121.142,36.837],[-121.143,36.846],[-121.152,36.859],[-121.153,36.865],[-121.164,36.869],[-121.169,36.885],[-121.174,36.886],[-121.182,36.893],[-121.184,36.908],[-121.189,36.913],[-121.217,36.914],[-121.221,36.91],[-121.225,36.92],[-121.23,36.921],[-121.235,36.927],[-121.229,36.941],[-121.219,36.948],[-121.212,36.957],[-121.225,36.967],[-121.232,36.969],[-121.246,36.983],[-121.245,36.993],[-121.242,36.997],[-121.233,36.999],[-121.238,37.009],[-121.233,37.012],[-121.246,37.026],[-121.248,37.033],[-121.241,37.032]]]}},{"type":"Feature","properties":{"name":"Calaveras"},"geometry":{"type":"Polygon","coordinates":[[[-120.972,38.218],[-120.953,38.226],[-120.937,38.221],[-120.915,38.23],[-120.903,38.223],[-120.894,38.221],[-120.881,38.234],[-120.88,38.241],[-120.875,38.24],[-120.87,38.244],[-120.856,38.248],[-120.847,38.264],[-120.822,38.275],[-120.817,38.284],[-120.81,38.282],[-120.808,38.289],[-120.798,38.286],[-120.767,38.29],[-120.754,38.288],[-120.75,38.298],[-120.738,38.308],[-120.688,38.319],[-120.675,38.331],[-120.656,38.331],[-120.639,38.341],[-120.631,38.34],[-120.628,38.355],[-120.62,38.358],[-120.618,38.367],[-120.61,38.37],[-120.617,38.378],[-120.614,38.383],[-120.615,38.389],[-120.608,38.398],[-120.574,38.402],[-120.57,38.415],[-120.56,38.415],[-120.541,38.423],[-120.538,38.419],[-120.53,38.419],[-120.505,38.439],[-120.506,38.444],[-120.498,38.444],[-120.5,38.448],[-120.495,38.45],[-120.486,38.446],[-120.467,38.449],[-120.461,38.446],[-120.449,38.452],[-120.444,38.461],[-120.423,38.473],[-120.415,38.473],[-120.413,38.469],[-120.39,38.467],[-120.381,38.461],[-120.365,38.467],[-120.331,38.465],[-120.294,38.477],[-120.284,38.475],[-120.27,38.478],[-120.26,38.487],[-120.241,38.485],[-120.209,38.501],[-120.164,38.494],[-120.139,38.498],[-120.123,38.496],[-120.112,38.499],[-120.103,38.505],[-120.072,38.51],[-120.073,38.447],[-120.054,38.456],[-120.02,38.434],[-120.03,38.425],[-120.041,38.426],[-120.049,38.419],[-120.074,38.414],[-120.088,38.403],[-120.135,38.397],[-120.176,38.374],[-120.205,38.33],[-120.229,38.314],[-120.24,38.296],[-120.256,38.286],[-120.26,38.278],[-120.271,38.27],[-120.274,38.264],[-120.272,38.26],[-120.289,38.247],[-120.291,38.234],[-120.308,38.224],[-120.322,38.201],[-120.33,38.195],[-120.336,38.185],[-120.34,38.184],[-120.337,38.178],[-120.34,38.178],[-120.341,38.172],[-120.35,38.17],[-120.354,38.164],[-120.36,38.16],[-120.358,38.154],[-120.372,38.15],[-120.376,38.143],[-120.371,38.138],[-120.378,38.136],[-120.388,38.115],[-120.41,38.102],[-120.411,38.088],[-120.415,38.082],[-120.422,38.079],[-120.424,38.073],[-120.431,38.073],[-120.431,38.061],[-120.443,38.059],[-120.443,38.052],[-120.454,38.041],[-120.462,38.022],[-120.469,38.02],[-120.47,38.016],[-120.464,38.013],[-120.464,38.01],[-120.492,38.011],[-120.5,38.008],[-120.499,37.996],[-120.505,37.991],[-120.514,37.996],[-120.509,38.0],[-120.516,38.004],[-120.522,37.995],[-120.535,37.991],[-120.528,37.982],[-120.543,37.976],[-120.528,37.976],[-120.528,37.971],[-120.518,37.965],[-120.513,37.956],[-120.517,37.952],[-120.535,37.944],[-120.54,37.936],[-120.537,37.928],[-120.542,37.92],[-120.551,37.922],[-120.562,37.914],[-120.564,37.903],[-120.571,37.894],[-120.588,37.895],[-120.596,37.889],[-120.596,37.883],[-120.605,37.876],[-120.605,37.873],[-120.634,37.861],[-120.637,37.849],[-120.653,37.832],[-120.729,37.898],[-120.753,37.923],[-120.876,38.029],[-120.939,38.088],[-120.994,38.226],[-120.972,38.218]]]}},{"type":"Feature","properties":{"name":"Lake"},"geometry":{"type":"Polygon","coordinates":[[[-123.085,39.095],[-123.088,39.138],[-123.078,39.139],[-123.078,39.174],[-123.046,39.173],[-123.045,39.181],[-123.041,39.181],[-123.04,39.192],[-123.035,39.192],[-123.034,39.2],[-123.03,39.2],[-123.029,39.207],[-123.024,39.207],[-123.021,39.221],[-123.013,39.221],[-123.013,39.236],[-122.995,39.236],[-122.994,39.257],[-123.004,39.257],[-123.005,39.278],[-123.02,39.278],[-123.02,39.322],[-123.029,39.322],[-123.029,39.337],[-123.038,39.336],[-123.038,39.364],[-123.049,39.364],[-123.048,39.379],[-123.057,39.379],[-123.056,39.408],[-123.075,39.408],[-123.075,39.437],[-123.07,39.436],[-123.073,39.453],[-123.063,39.452],[-123.063,39.504],[-123.044,39.504],[-123.044,39.511],[-123.025,39.511],[-123.025,39.519],[-122.937,39.516],[-122.937,39.531],[-122.89,39.529],[-122.885,39.58],[-122.736,39.581],[-122.737,39.509],[-122.732,39.483],[-122.733,39.451],[-122.742,39.435],[-122.739,39.383],[-122.785,39.383],[-122.774,39.375],[-122.768,39.374],[-122.76,39.378],[-122.752,39.371],[-122.743,39.368],[-122.742,39.359],[-122.752,39.346],[-122.765,39.343],[-122.765,39.335],[-122.768,39.325],[-122.773,39.324],[-122.775,39.313],[-122.758,39.294],[-122.757,39.284],[-122.735,39.272],[-122.729,39.273],[-122.712,39.257],[-122.691,39.247],[-122.676,39.23],[-122.68,39.225],[-122.671,39.224],[-122.665,39.218],[-122.649,39.214],[-122.635,39.223],[-122.623,39.223],[-122.61,39.216],[-122.583,39.212],[-122.573,39.204],[-122.567,39.204],[-122.541,39.207],[-122.535,39.212],[-122.515,39.209],[-122.514,39.196],[-122.508,39.19],[-122.499,39.191],[-122.492,39.175],[-122.476,39.173],[-122.477,39.167],[-122.483,39.163],[-122.478,39.155],[-122.481,39.153],[-122.475,39.145],[-122.481,39.138],[-122.485,39.141],[-122.497,39.141],[-122.495,39.136],[-122.501,39.121],[-122.494,39.115],[-122.496,39.108],[-122.49,39.1],[-122.486,39.086],[-122.49,39.074],[-122.484,39.067],[-122.491,39.065],[-122.492,39.054],[-122.467,39.049],[-122.467,39.043],[-122.458,39.039],[-122.437,39.021],[-122.413,39.02],[-122.41,39.018],[-122.409,39.007],[-122.419,38.989],[-122.417,38.978],[-122.407,38.971],[-122.409,38.963],[-122.373,38.94],[-122.341,38.927],[-122.34,38.924],[-122.404,38.925],[-122.416,38.908],[-122.422,38.904],[-122.405,38.883],[-122.406,38.88],[-122.391,38.868],[-122.404,38.856],[-122.375,38.826],[-122.376,38.808],[-122.38,38.802],[-122.397,38.805],[-122.404,38.799],[-122.409,38.788],[-122.413,38.786],[-122.408,38.785],[-122.409,38.776],[-122.403,38.773],[-122.416,38.768],[-122.464,38.706],[-122.627,38.671],[-122.625,38.674],[-122.639,38.689],[-122.637,38.694],[-122.644,38.699],[-122.647,38.706],[-122.669,38.708],[-122.674,38.706],[-122.695,38.713],[-122.701,38.729],[-122.71,38.732],[-122.712,38.742],[-122.709,38.749],[-122.724,38.757],[-122.723,38.763],[-122.734,38.772],[-122.739,38.782],[-122.748,38.788],[-122.748,38.803],[-122.768,38.814],[-122.77,38.82],[-122.78,38.827],[-122.791,38.83],[-122.796,38.839],[-122.812,38.838],[-122.813,38.843],[-122.818,38.845],[-122.818,38.85],[-122.822,38.85],[-122.821,38.858],[-122.84,38.858],[-122.84,38.866],[-122.858,38.866],[-122.858,38.873],[-122.876,38.873],[-122.876,38.881],[-122.895,38.881],[-122.894,38.896],[-122.911,38.895],[-122.911,38.902],[-122.949,38.9],[-122.949,38.925],[-122.962,38.926],[-122.96,38.932],[-122.97,38.933],[-122.968,38.947],[-122.978,38.947],[-122.977,38.983],[-122.987,38.983],[-122.987,38.997],[-123.009,38.997],[-123.009,38.993],[-123.019,38.993],[-123.019,38.997],[-123.028,38.997],[-123.028,39.006],[-123.037,39.006],[-123.038,39.014],[-123.047,39.014],[-123.047,39.021],[-123.056,39.021],[-123.056,39.05],[-123.065,39.05],[-123.065,39.064],[-123.084,39.064],[-123.084,39.072],[-123.093,39.072],[-123.094,39.095],[-123.085,39.095]]]}},{"type":"Feature","properties":{"name":"San Diego"},"geometry":{"type":"Polygon","coordinates":[[[-117.578,33.454],[-117.557,33.451],[-117.538,33.456],[-117.509,33.47],[-117.51,33.505],[-117.364,33.505],[-117.371,33.491],[-117.242,33.449],[-117.241,33.432],[-117.031,33.43],[-117.031,33.427],[-116.198,33.429],[-116.085,33.426],[-116.081,33.075],[-116.103,33.075],[-116.103,32.727],[-116.106,32.726],[-116.106,32.619],[-117.124,32.534],[-117.126,32.551],[-117.133,32.567],[-117.132,32.597],[-117.138,32.625],[-117.148,32.646],[-117.161,32.666],[-117.193,32.687],[-117.213,32.688],[-117.224,32.684],[-117.243,32.665],[-117.255,32.7],[-117.257,32.725],[-117.252,32.751],[-117.256,32.794],[-117.264,32.807],[-117.281,32.822],[-117.282,32.833],[-117.281,32.843],[-117.275,32.85],[-117.264,32.849],[-117.256,32.859],[-117.251,32.879],[-117.254,32.904],[-117.28,33.011],[-117.296,33.038],[-117.313,33.087],[-117.328,33.122],[-117.342,33.143],[-117.391,33.203],[-117.397,33.208],[-117.403,33.206],[-117.406,33.209],[-117.404,33.216],[-117.446,33.269],[-117.506,33.333],[-117.548,33.365],[-117.572,33.379],[-117.596,33.388],[-117.578,33.454]]]}},{"type":"Feature","properties":{"name":"Riverside"},"geometry":{"type":"Polygon","coordinates":[[[-117.655,33.889],[-117.655,33.925],[-117.611,33.925],[-117.611,33.972],[-117.558,33.988],[-117.558,34.033],[-117.375,34.034],[-117.375,34.019],[-117.226,34.018],[-117.225,34.004],[-116.93,34.005],[-116.93,34.034],[-115.316,34.034],[-115.316,34.078],[-114.435,34.08],[-114.439,34.058],[-114.435,34.038],[-114.438,34.023],[-114.45,34.013],[-114.466,34.011],[-114.467,34.005],[-114.458,33.998],[-114.46,33.994],[-114.468,33.993],[-114.5,33.962],[-114.522,33.956],[-114.535,33.935],[-114.535,33.925],[-114.518,33.918],[-114.508,33.904],[-114.514,33.898],[-114.526,33.901],[-114.524,33.894],[-114.504,33.877],[-114.503,33.868],[-114.515,33.859],[-114.524,33.86],[-114.531,33.855],[-114.52,33.825],[-114.528,33.815],[-114.505,33.76],[-114.504,33.751],[-114.512,33.734],[-114.497,33.719],[-114.494,33.708],[-114.496,33.697],[-114.524,33.686],[-114.532,33.675],[-114.53,33.667],[-114.514,33.66],[-114.518,33.656],[-114.533,33.652],[-114.524,33.635],[-114.531,33.628],[-114.531,33.624],[-114.522,33.611],[-114.529,33.607],[-114.541,33.591],[-114.536,33.569],[-114.525,33.552],[-114.559,33.532],[-114.561,33.517],[-114.57,33.509],[-114.592,33.499],[-114.602,33.481],[-114.623,33.457],[-114.622,33.448],[-114.627,33.434],[-114.831,33.434],[-114.831,33.43],[-115.063,33.428],[-116.085,33.426],[-116.198,33.429],[-117.031,33.427],[-117.031,33.43],[-117.241,33.432],[-117.242,33.449],[-117.371,33.491],[-117.364,33.505],[-117.51,33.505],[-117.51,33.509],[-117.504,33.509],[-117.503,33.52],[-117.51,33.521],[-117.51,33.534],[-117.413,33.659],[-117.475,33.704],[-117.534,33.71],[-117.536,33.758],[-117.58,33.768],[-117.662,33.857],[-117.674,33.858],[-117.675,33.869],[-117.672,33.869],[-117.671,33.874],[-117.673,33.875],[-117.669,33.881],[-117.676,33.889],[-117.655,33.889]]]}},{"type":"Feature","properties":{"name":"Marin"},"geometry":{"type":"MultiPolygon","coordinates":[[[[-122.43,37.872],[-122.423,37.869],[-122.419,37.853],[-122.441,37.855],[-122.445,37.861],[-122.43,37.872]]],[[[-123.012,38.003],[-122.992,38.042],[-122.961,38.113],[-122.949,38.154],[-122.954,38.176],[-122.967,38.183],[-122.965,38.187],[-122.968,38.202],[-122.981,38.215],[-122.98,38.221],[-122.996,38.239],[-122.987,38.238],[-122.979,38.229],[-122.973,38.23],[-122.968,38.254],[-122.977,38.268],[-122.986,38.273],[-123.003,38.296],[-122.994,38.299],[-122.995,38.306],[-122.982,38.311],[-122.971,38.31],[-122.966,38.317],[-122.947,38.311],[-122.935,38.314],[-122.935,38.31],[-122.926,38.313],[-122.922,38.309],[-122.917,38.313],[-122.921,38.317],[-122.908,38.321],[-122.911,38.317],[-122.909,38.314],[-122.9,38.317],[-122.74,38.207],[-122.723,38.207],[-122.701,38.196],[-122.688,38.195],[-122.681,38.19],[-122.667,38.19],[-122.649,38.181],[-122.634,38.178],[-122.623,38.183],[-122.604,38.181],[-122.601,38.185],[-122.593,38.189],[-122.591,38.186],[-122.582,38.188],[-122.578,38.184],[-122.571,38.184],[-122.573,38.186],[-122.571,38.187],[-122.565,38.182],[-122.568,38.177],[-122.564,38.175],[-122.563,38.169],[-122.552,38.169],[-122.558,38.164],[-122.557,38.16],[-122.544,38.158],[-122.519,38.14],[-122.508,38.118],[-122.486,38.101],[-122.484,38.072],[-122.492,38.056],[-122.499,38.032],[-122.498,38.019],[-122.481,38.008],[-122.463,38.003],[-122.451,37.992],[-122.447,37.984],[-122.456,37.98],[-122.467,37.985],[-122.472,37.982],[-122.477,37.972],[-122.496,37.971],[-122.497,37.968],[-122.49,37.965],[-122.487,37.947],[-122.48,37.943],[-122.49,37.937],[-122.505,37.943],[-122.503,37.929],[-122.494,37.922],[-122.476,37.917],[-122.473,37.909],[-122.477,37.906],[-122.459,37.894],[-122.448,37.893],[-122.438,37.882],[-122.45,37.873],[-122.462,37.873],[-122.46,37.863],[-122.474,37.875],[-122.471,37.881],[-122.473,37.885],[-122.489,37.896],[-122.504,37.894],[-122.497,37.877],[-122.501,37.874],[-122.495,37.866],[-122.478,37.86],[-122.48,37.848],[-122.473,37.833],[-122.478,37.833],[-122.479,37.826],[-122.491,37.827],[-122.5,37.821],[-122.52,37.826],[-122.53,37.818],[-122.537,37.83],[-122.549,37.836],[-122.561,37.852],[-122.58,37.86],[-122.582,37.857],[-122.601,37.875],[-122.629,37.882],[-122.628,37.885],[-122.642,37.898],[-122.659,37.905],[-122.678,37.907],[-122.694,37.901],[-122.703,37.894],[-122.714,37.9],[-122.725,37.903],[-122.737,37.926],[-122.755,37.936],[-122.766,37.938],[-122.772,37.944],[-122.776,37.944],[-122.776,37.946],[-122.783,37.949],[-122.797,37.977],[-122.811,37.985],[-122.821,37.997],[-122.857,38.017],[-122.882,38.025],[-122.94,38.032],[-122.957,38.029],[-122.972,38.02],[-122.982,38.009],[-122.983,37.997],[-122.968,37.994],[-122.964,37.99],[-122.991,37.994],[-123.024,37.995],[-123.012,38.003]]]]}},{"type":"Feature","properties":{"name":"San Mateo"},"geometry":{"type":"Polygon","coordinates":[[[-122.515,37.598],[-122.508,37.596],[-122.501,37.6],[-122.502,37.608],[-122.498,37.608],[-122.497,37.612],[-122.494,37.644],[-122.497,37.686],[-122.502,37.708],[-122.393,37.708],[-122.388,37.679],[-122.382,37.677],[-122.381,37.668],[-122.374,37.662],[-122.38,37.648],[-122.391,37.646],[-122.389,37.64],[-122.384,37.64],[-122.38,37.635],[-122.365,37.628],[-122.368,37.621],[-122.356,37.615],[-122.359,37.609],[-122.373,37.614],[-122.379,37.606],[-122.37,37.603],[-122.36,37.593],[-122.335,37.592],[-122.334,37.588],[-122.315,37.591],[-122.316,37.584],[-122.306,37.575],[-122.284,37.575],[-122.274,37.571],[-122.263,37.574],[-122.252,37.568],[-122.243,37.553],[-122.233,37.553],[-122.223,37.543],[-122.197,37.537],[-122.195,37.533],[-122.2,37.527],[-122.187,37.518],[-122.183,37.521],[-122.18,37.512],[-122.162,37.5],[-122.14,37.507],[-122.128,37.5],[-122.12,37.477],[-122.123,37.474],[-122.115,37.466],[-122.124,37.461],[-122.122,37.453],[-122.128,37.452],[-122.145,37.458],[-122.165,37.453],[-122.191,37.431],[-122.191,37.425],[-122.188,37.42],[-122.19,37.418],[-122.187,37.417],[-122.192,37.414],[-122.194,37.408],[-122.19,37.395],[-122.191,37.384],[-122.201,37.372],[-122.203,37.363],[-122.194,37.345],[-122.175,37.326],[-122.183,37.326],[-122.193,37.318],[-122.182,37.31],[-122.171,37.312],[-122.162,37.304],[-122.167,37.295],[-122.153,37.288],[-122.153,37.215],[-122.243,37.215],[-122.243,37.19],[-122.318,37.187],[-122.312,37.148],[-122.289,37.113],[-122.293,37.107],[-122.314,37.118],[-122.329,37.113],[-122.337,37.117],[-122.338,37.136],[-122.344,37.144],[-122.361,37.15],[-122.362,37.164],[-122.367,37.173],[-122.379,37.181],[-122.395,37.182],[-122.399,37.193],[-122.405,37.196],[-122.409,37.214],[-122.407,37.219],[-122.419,37.241],[-122.412,37.266],[-122.401,37.337],[-122.401,37.359],[-122.408,37.364],[-122.409,37.375],[-122.423,37.393],[-122.427,37.41],[-122.432,37.412],[-122.444,37.436],[-122.446,37.462],[-122.46,37.493],[-122.472,37.501],[-122.494,37.492],[-122.495,37.496],[-122.499,37.495],[-122.499,37.501],[-122.517,37.521],[-122.52,37.537],[-122.514,37.552],[-122.515,37.566],[-122.52,37.575],[-122.518,37.577],[-122.517,37.591],[-122.521,37.594],[-122.515,37.598]]]}},{"type":"Feature","properties":{"name":"El Dorado"},"geometry":{"type":"Polygon","coordinates":[[[-121.135,38.712],[-121.133,38.731],[-121.128,38.734],[-121.118,38.756],[-121.119,38.769],[-121.112,38.774],[-121.101,38.79],[-121.102,38.796],[-121.098,38.807],[-121.101,38.815],[-121.084,38.816],[-121.083,38.823],[-121.089,38.827],[-121.087,38.833],[-121.073,38.843],[-121.058,38.847],[-121.062,38.86],[-121.053,38.868],[-121.062,38.883],[-121.044,38.891],[-121.053,38.897],[-121.043,38.908],[-121.041,38.916],[-121.034,38.913],[-121.019,38.918],[-121.0,38.918],[-120.991,38.924],[-120.992,38.927],[-120.966,38.933],[-120.958,38.939],[-120.938,38.936],[-120.938,38.957],[-120.941,38.96],[-120.936,38.964],[-120.902,38.953],[-120.888,38.96],[-120.86,38.952],[-120.852,38.96],[-120.856,38.967],[-120.853,38.973],[-120.848,38.977],[-120.834,38.972],[-120.829,38.98],[-120.83,38.987],[-120.825,38.993],[-120.815,38.995],[-120.808,39.001],[-120.802,39.001],[-120.798,38.996],[-120.768,39.009],[-120.764,39.01],[-120.767,39.005],[-120.764,39.002],[-120.76,39.003],[-120.764,39.005],[-120.763,39.007],[-120.753,39.005],[-120.748,39.01],[-120.747,39.003],[-120.744,39.005],[-120.736,39.001],[-120.73,39.004],[-120.723,38.999],[-120.722,38.993],[-120.716,38.987],[-120.704,38.981],[-120.685,38.989],[-120.685,38.984],[-120.681,38.978],[-120.684,38.968],[-120.673,38.959],[-120.655,38.953],[-120.654,38.948],[-120.642,38.944],[-120.635,38.943],[-120.629,38.946],[-120.611,38.943],[-120.604,38.934],[-120.594,38.936],[-120.593,38.932],[-120.587,38.931],[-120.586,38.923],[-120.579,38.917],[-120.564,38.914],[-120.556,38.915],[-120.552,38.921],[-120.546,38.921],[-120.545,38.927],[-120.534,38.926],[-120.527,38.932],[-120.512,38.931],[-120.505,38.935],[-120.503,38.941],[-120.493,38.943],[-120.493,38.949],[-120.488,38.952],[-120.486,38.959],[-120.471,38.966],[-120.46,38.985],[-120.451,38.988],[-120.454,38.995],[-120.445,39.01],[-120.445,39.018],[-120.435,39.028],[-120.328,39.022],[-120.24,39.024],[-120.24,39.031],[-120.184,39.031],[-120.184,39.038],[-120.165,39.038],[-120.165,39.046],[-120.153,39.046],[-120.153,39.06],[-120.144,39.06],[-120.144,39.067],[-120.002,39.067],[-120.001,39.0],[-119.904,38.933],[-119.905,38.928],[-119.887,38.918],[-119.88,38.899],[-119.884,38.894],[-119.88,38.887],[-119.883,38.881],[-119.889,38.879],[-119.879,38.875],[-119.878,38.868],[-119.892,38.857],[-119.906,38.856],[-119.908,38.834],[-119.923,38.83],[-119.922,38.821],[-119.942,38.803],[-119.944,38.797],[-119.94,38.794],[-119.948,38.782],[-119.965,38.776],[-120.072,38.703],[-120.078,38.702],[-120.078,38.709],[-120.098,38.709],[-120.098,38.704],[-120.112,38.705],[-120.122,38.696],[-120.123,38.687],[-120.117,38.68],[-120.123,38.667],[-120.132,38.66],[-120.135,38.655],[-120.132,38.649],[-120.14,38.638],[-120.152,38.638],[-120.158,38.633],[-120.191,38.631],[-120.203,38.625],[-120.205,38.628],[-120.215,38.629],[-120.215,38.624],[-120.221,38.621],[-120.227,38.61],[-120.224,38.605],[-120.233,38.6],[-120.234,38.588],[-120.263,38.579],[-120.267,38.568],[-120.275,38.559],[-120.299,38.556],[-120.302,38.549],[-120.32,38.545],[-120.354,38.548],[-120.363,38.545],[-120.377,38.545],[-120.384,38.539],[-120.397,38.539],[-120.413,38.531],[-120.435,38.527],[-120.45,38.528],[-120.459,38.524],[-120.485,38.521],[-120.511,38.511],[-120.537,38.51],[-120.554,38.512],[-120.58,38.503],[-120.628,38.503],[-120.659,38.515],[-120.677,38.518],[-120.683,38.526],[-120.711,38.537],[-120.722,38.547],[-120.737,38.546],[-120.747,38.548],[-120.747,38.553],[-120.755,38.551],[-120.76,38.555],[-120.779,38.554],[-120.784,38.551],[-120.795,38.558],[-120.801,38.556],[-120.805,38.56],[-120.81,38.558],[-120.813,38.562],[-120.817,38.558],[-120.823,38.56],[-120.825,38.556],[-120.833,38.556],[-120.837,38.551],[-120.841,38.556],[-120.847,38.554],[-120.856,38.548],[-120.856,38.543],[-120.862,38.543],[-120.864,38.535],[-120.871,38.536],[-120.877,38.543],[-120.884,38.536],[-120.881,38.531],[-120.885,38.525],[-120.902,38.531],[-120.911,38.52],[-120.922,38.519],[-120.926,38.515],[-120.936,38.519],[-120.941,38.529],[-120.953,38.521],[-120.97,38.521],[-120.974,38.516],[-120.98,38.515],[-120.99,38.516],[-120.995,38.514],[-121.002,38.519],[-121.007,38.519],[-121.011,38.512],[-121.028,38.508],[-121.085,38.648],[-121.119,38.717],[-121.134,38.705],[-121.142,38.712],[-121.135,38.712]]]}},{"type":"Feature","properties":{"name":"Sacramento"},"geometry":{"type":"Polygon","coordinates":[[[-121.842,38.077],[-121.828,38.066],[-121.802,38.06],[-121.743,38.087],[-121.729,38.082],[-121.711,38.086],[-121.707,38.11],[-121.692,38.133],[-121.686,38.16],[-121.663,38.182],[-121.648,38.185],[-121.632,38.194],[-121.615,38.196],[-121.612,38.2],[-121.602,38.223],[-121.6,38.258],[-121.604,38.27],[-121.601,38.279],[-121.605,38.286],[-121.605,38.296],[-121.6,38.302],[-121.599,38.31],[-121.592,38.314],[-121.59,38.323],[-121.585,38.326],[-121.584,38.332],[-121.575,38.327],[-121.559,38.343],[-121.537,38.348],[-121.521,38.362],[-121.524,38.379],[-121.514,38.388],[-121.513,38.4],[-121.533,38.431],[-121.504,38.44],[-121.501,38.45],[-121.504,38.467],[-121.512,38.474],[-121.543,38.476],[-121.559,38.5],[-121.552,38.514],[-121.525,38.519],[-121.524,38.522],[-121.531,38.529],[-121.513,38.542],[-121.511,38.546],[-121.521,38.566],[-121.512,38.575],[-121.507,38.589],[-121.509,38.597],[-121.516,38.603],[-121.528,38.605],[-121.545,38.598],[-121.55,38.599],[-121.558,38.608],[-121.567,38.645],[-121.576,38.649],[-121.587,38.643],[-121.594,38.644],[-121.63,38.677],[-121.634,38.692],[-121.606,38.718],[-121.603,38.736],[-121.474,38.734],[-121.143,38.712],[-121.134,38.705],[-121.119,38.717],[-121.085,38.648],[-121.027,38.508],[-121.027,38.3],[-121.041,38.298],[-121.047,38.291],[-121.067,38.299],[-121.093,38.283],[-121.128,38.277],[-121.147,38.264],[-121.173,38.255],[-121.192,38.257],[-121.203,38.249],[-121.215,38.249],[-121.223,38.244],[-121.229,38.248],[-121.248,38.245],[-121.268,38.252],[-121.283,38.25],[-121.296,38.238],[-121.344,38.228],[-121.355,38.231],[-121.363,38.228],[-121.367,38.231],[-121.389,38.233],[-121.398,38.227],[-121.421,38.237],[-121.427,38.245],[-121.425,38.25],[-121.429,38.255],[-121.445,38.257],[-121.45,38.255],[-121.471,38.26],[-121.48,38.254],[-121.479,38.246],[-121.487,38.24],[-121.492,38.228],[-121.506,38.225],[-121.504,38.212],[-121.51,38.205],[-121.52,38.203],[-121.529,38.195],[-121.524,38.186],[-121.528,38.181],[-121.524,38.172],[-121.536,38.158],[-121.536,38.152],[-121.559,38.144],[-121.558,38.137],[-121.576,38.129],[-121.584,38.12],[-121.581,38.111],[-121.566,38.105],[-121.564,38.101],[-121.567,38.097],[-121.581,38.094],[-121.605,38.1],[-121.627,38.098],[-121.633,38.089],[-121.638,38.086],[-121.662,38.096],[-121.673,38.094],[-121.679,38.089],[-121.682,38.082],[-121.68,38.069],[-121.681,38.061],[-121.7,38.045],[-121.738,38.027],[-121.777,38.019],[-121.818,38.022],[-121.832,38.031],[-121.847,38.06],[-121.863,38.068],[-121.842,38.077]]]}},{"type":"Feature","properties":{"name":"San Benito"},"geometry":{"type":"Polygon","coordinates":[[[-121.629,36.912],[-121.62,36.909],[-121.607,36.899],[-121.586,36.901],[-121.575,36.893],[-121.571,36.897],[-121.56,36.897],[-121.558,36.91],[-121.54,36.921],[-121.539,36.927],[-121.514,36.945],[-121.51,36.954],[-121.512,36.959],[-121.489,36.983],[-121.468,36.977],[-121.464,36.978],[-121.466,36.982],[-121.464,36.985],[-121.449,36.988],[-121.447,36.983],[-121.438,36.979],[-121.418,36.961],[-121.215,36.961],[-121.212,36.957],[-121.219,36.948],[-121.229,36.941],[-121.235,36.927],[-121.23,36.921],[-121.225,36.92],[-121.221,36.91],[-121.217,36.914],[-121.189,36.913],[-121.184,36.908],[-121.182,36.893],[-121.174,36.886],[-121.169,36.885],[-121.164,36.869],[-121.153,36.865],[-121.152,36.859],[-121.143,36.846],[-121.142,36.837],[-120.933,36.752],[-120.604,36.488],[-120.597,36.488],[-120.597,36.328],[-120.613,36.324],[-120.612,36.322],[-120.618,36.319],[-120.63,36.317],[-120.643,36.319],[-120.663,36.314],[-120.683,36.294],[-120.68,36.291],[-120.683,36.287],[-120.673,36.28],[-120.679,36.267],[-120.682,36.272],[-120.69,36.274],[-120.704,36.287],[-120.708,36.286],[-120.717,36.292],[-120.723,36.293],[-120.747,36.31],[-120.758,36.309],[-120.743,36.298],[-120.734,36.284],[-120.732,36.275],[-120.718,36.26],[-120.707,36.232],[-120.706,36.204],[-120.718,36.197],[-120.731,36.204],[-120.749,36.199],[-120.759,36.202],[-120.767,36.21],[-120.765,36.213],[-120.771,36.219],[-120.781,36.222],[-120.783,36.229],[-120.789,36.231],[-120.789,36.235],[-120.799,36.235],[-120.802,36.241],[-120.812,36.245],[-120.811,36.252],[-120.813,36.25],[-120.824,36.257],[-120.826,36.254],[-120.826,36.258],[-120.83,36.257],[-120.837,36.263],[-120.839,36.271],[-120.837,36.272],[-120.852,36.286],[-120.856,36.285],[-120.86,36.29],[-120.874,36.295],[-120.889,36.29],[-120.899,36.301],[-120.92,36.311],[-120.926,36.308],[-120.927,36.301],[-120.933,36.3],[-120.936,36.294],[-120.935,36.289],[-120.941,36.287],[-120.939,36.283],[-120.953,36.275],[-120.974,36.29],[-120.986,36.293],[-120.987,36.275],[-120.992,36.27],[-121.0,36.271],[-121.005,36.267],[-121.01,36.269],[-121.012,36.265],[-121.014,36.269],[-121.019,36.26],[-121.027,36.26],[-121.028,36.275],[-121.036,36.276],[-121.04,36.271],[-121.041,36.324],[-121.193,36.446],[-121.198,36.455],[-121.21,36.465],[-121.215,36.473],[-121.225,36.472],[-121.23,36.475],[-121.228,36.485],[-121.239,36.505],[-121.247,36.507],[-121.269,36.502],[-121.295,36.506],[-121.302,36.505],[-121.309,36.5],[-121.312,36.503],[-121.307,36.517],[-121.295,36.527],[-121.302,36.539],[-121.313,36.55],[-121.329,36.555],[-121.334,36.574],[-121.323,36.578],[-121.327,36.586],[-121.324,36.588],[-121.324,36.602],[-121.319,36.605],[-121.318,36.61],[-121.342,36.631],[-121.342,36.638],[-121.349,36.643],[-121.35,36.648],[-121.368,36.657],[-121.378,36.653],[-121.407,36.656],[-121.416,36.673],[-121.432,36.679],[-121.444,36.673],[-121.459,36.686],[-121.469,36.685],[-121.469,36.691],[-121.477,36.703],[-121.482,36.705],[-121.485,36.713],[-121.483,36.715],[-121.453,36.721],[-121.453,36.729],[-121.459,36.734],[-121.462,36.744],[-121.476,36.749],[-121.474,36.757],[-121.482,36.765],[-121.502,36.76],[-121.504,36.757],[-121.598,36.837],[-121.622,36.846],[-121.643,36.874],[-121.644,36.894],[-121.629,36.912]]]}},{"type":"Feature","properties":{"name":"Amador"},"geometry":{"type":"Polygon","coordinates":[[[-121.028,38.508],[-121.011,38.512],[-121.01,38.518],[-121.005,38.52],[-120.995,38.514],[-120.99,38.516],[-120.98,38.515],[-120.974,38.516],[-120.97,38.521],[-120.953,38.521],[-120.941,38.529],[-120.936,38.519],[-120.926,38.515],[-120.922,38.519],[-120.911,38.52],[-120.902,38.531],[-120.885,38.525],[-120.881,38.531],[-120.884,38.536],[-120.877,38.543],[-120.871,38.536],[-120.864,38.535],[-120.862,38.543],[-120.856,38.543],[-120.856,38.548],[-120.847,38.554],[-120.841,38.556],[-120.837,38.551],[-120.833,38.556],[-120.825,38.556],[-120.823,38.56],[-120.817,38.558],[-120.813,38.562],[-120.81,38.558],[-120.805,38.56],[-120.801,38.556],[-120.795,38.558],[-120.784,38.551],[-120.779,38.554],[-120.76,38.555],[-120.755,38.551],[-120.747,38.553],[-120.747,38.548],[-120.737,38.546],[-120.722,38.547],[-120.711,38.537],[-120.683,38.526],[-120.677,38.518],[-120.659,38.515],[-120.628,38.503],[-120.606,38.502],[-120.58,38.503],[-120.554,38.512],[-120.537,38.51],[-120.511,38.511],[-120.485,38.521],[-120.459,38.524],[-120.45,38.528],[-120.435,38.527],[-120.413,38.531],[-120.397,38.539],[-120.384,38.539],[-120.377,38.545],[-120.363,38.545],[-120.354,38.548],[-120.317,38.545],[-120.302,38.549],[-120.299,38.556],[-120.275,38.559],[-120.267,38.568],[-120.263,38.579],[-120.234,38.588],[-120.233,38.6],[-120.224,38.605],[-120.227,38.61],[-120.221,38.621],[-120.215,38.624],[-120.215,38.629],[-120.205,38.628],[-120.203,38.625],[-120.191,38.631],[-120.158,38.633],[-120.152,38.638],[-120.14,38.638],[-120.132,38.649],[-120.135,38.655],[-120.132,38.66],[-120.123,38.667],[-120.117,38.68],[-120.123,38.687],[-120.122,38.696],[-120.112,38.705],[-120.098,38.704],[-120.098,38.709],[-120.078,38.709],[-120.078,38.702],[-120.072,38.703],[-120.072,38.51],[-120.103,38.505],[-120.112,38.499],[-120.123,38.496],[-120.139,38.498],[-120.164,38.494],[-120.209,38.501],[-120.241,38.485],[-120.26,38.487],[-120.27,38.478],[-120.284,38.475],[-120.294,38.477],[-120.331,38.465],[-120.365,38.467],[-120.381,38.461],[-120.39,38.467],[-120.413,38.469],[-120.415,38.473],[-120.423,38.473],[-120.444,38.461],[-120.449,38.452],[-120.461,38.446],[-120.467,38.449],[-120.486,38.446],[-120.495,38.45],[-120.5,38.448],[-120.498,38.444],[-120.506,38.444],[-120.505,38.439],[-120.53,38.419],[-120.538,38.419],[-120.541,38.423],[-120.56,38.415],[-120.57,38.415],[-120.574,38.402],[-120.608,38.398],[-120.615,38.389],[-120.614,38.383],[-120.617,38.378],[-120.61,38.37],[-120.618,38.367],[-120.62,38.358],[-120.628,38.355],[-120.631,38.34],[-120.639,38.341],[-120.656,38.331],[-120.675,38.331],[-120.688,38.319],[-120.738,38.308],[-120.75,38.298],[-120.754,38.288],[-120.767,38.29],[-120.798,38.286],[-120.808,38.289],[-120.81,38.282],[-120.817,38.284],[-120.822,38.275],[-120.847,38.264],[-120.856,38.248],[-120.87,38.244],[-120.875,38.24],[-120.88,38.241],[-120.881,38.234],[-120.894,38.221],[-120.903,38.223],[-120.915,38.23],[-120.937,38.221],[-120.953,38.226],[-120.972,38.218],[-120.995,38.225],[-121.027,38.3],[-121.028,38.508]]]}},{"type":"Feature","properties":{"name":"Sutter"},"geometry":{"type":"Polygon","coordinates":[[[-121.941,39.262],[-121.937,39.268],[-121.93,39.271],[-121.921,39.282],[-121.921,39.289],[-121.908,39.304],[-121.63,39.306],[-121.631,39.301],[-121.624,39.296],[-121.631,39.291],[-121.622,39.273],[-121.631,39.273],[-121.632,39.27],[-121.621,39.264],[-121.627,39.259],[-121.635,39.262],[-121.636,39.246],[-121.634,39.24],[-121.628,39.235],[-121.628,39.229],[-121.614,39.229],[-121.618,39.221],[-121.614,39.215],[-121.62,39.213],[-121.621,39.206],[-121.629,39.204],[-121.624,39.196],[-121.613,39.191],[-121.618,39.183],[-121.611,39.176],[-121.616,39.168],[-121.606,39.148],[-121.608,39.141],[-121.598,39.128],[-121.605,39.113],[-121.603,39.1],[-121.596,39.099],[-121.59,39.103],[-121.587,39.098],[-121.586,39.09],[-121.61,39.057],[-121.606,39.033],[-121.595,39.024],[-121.6,39.012],[-121.579,39.008],[-121.589,38.99],[-121.587,38.973],[-121.581,38.965],[-121.583,38.956],[-121.578,38.947],[-121.582,38.936],[-121.579,38.922],[-121.575,38.918],[-121.571,38.939],[-121.561,38.953],[-121.554,38.954],[-121.543,38.972],[-121.525,38.971],[-121.509,38.983],[-121.494,38.984],[-121.49,38.992],[-121.474,38.992],[-121.459,38.998],[-121.449,38.997],[-121.444,38.993],[-121.415,38.996],[-121.414,38.926],[-121.469,38.926],[-121.47,38.752],[-121.484,38.751],[-121.484,38.735],[-121.603,38.736],[-121.593,38.754],[-121.593,38.763],[-121.603,38.778],[-121.625,38.785],[-121.631,38.783],[-121.628,38.779],[-121.633,38.768],[-121.636,38.767],[-121.645,38.774],[-121.649,38.773],[-121.639,38.768],[-121.652,38.765],[-121.662,38.77],[-121.664,38.765],[-121.658,38.755],[-121.667,38.755],[-121.67,38.745],[-121.673,38.743],[-121.678,38.749],[-121.67,38.759],[-121.688,38.764],[-121.693,38.768],[-121.686,38.775],[-121.693,38.79],[-121.691,38.796],[-121.697,38.797],[-121.701,38.803],[-121.707,38.801],[-121.723,38.804],[-121.723,38.826],[-121.731,38.836],[-121.726,38.841],[-121.728,38.847],[-121.724,38.852],[-121.728,38.853],[-121.729,38.857],[-121.745,38.864],[-121.749,38.871],[-121.759,38.869],[-121.758,38.863],[-121.765,38.864],[-121.784,38.857],[-121.787,38.864],[-121.793,38.863],[-121.796,38.867],[-121.802,38.864],[-121.804,38.87],[-121.815,38.877],[-121.817,38.883],[-121.807,38.89],[-121.804,38.902],[-121.795,38.901],[-121.791,38.905],[-121.812,38.909],[-121.815,38.911],[-121.806,38.911],[-121.805,38.915],[-121.83,38.919],[-121.837,38.926],[-121.83,38.938],[-121.837,38.944],[-121.84,38.955],[-121.832,38.96],[-121.834,38.97],[-121.822,38.975],[-121.82,38.988],[-121.802,38.99],[-121.796,38.997],[-121.827,39.012],[-121.821,39.02],[-121.823,39.029],[-121.824,39.032],[-121.831,39.033],[-121.83,39.039],[-121.84,39.047],[-121.839,39.064],[-121.852,39.072],[-121.869,39.067],[-121.889,39.072],[-121.894,39.078],[-121.89,39.081],[-121.895,39.087],[-121.894,39.096],[-121.906,39.103],[-121.904,39.108],[-121.906,39.115],[-121.913,39.114],[-121.911,39.123],[-121.921,39.122],[-121.925,39.128],[-121.938,39.133],[-121.938,39.144],[-121.921,39.141],[-121.917,39.147],[-121.92,39.153],[-121.935,39.162],[-121.939,39.174],[-121.946,39.18],[-121.935,39.189],[-121.937,39.194],[-121.928,39.199],[-121.938,39.218],[-121.936,39.221],[-121.941,39.222],[-121.94,39.229],[-121.948,39.242],[-121.941,39.262]]]}},{"type":"Feature","properties":{"name":"Yolo"},"geometry":{"type":"Polygon","coordinates":[[[-122.404,38.925],[-121.835,38.924],[-121.83,38.919],[-121.805,38.915],[-121.806,38.911],[-121.815,38.911],[-121.808,38.907],[-121.793,38.906],[-121.791,38.903],[-121.795,38.901],[-121.804,38.902],[-121.807,38.89],[-121.817,38.883],[-121.815,38.877],[-121.804,38.87],[-121.802,38.864],[-121.796,38.867],[-121.793,38.863],[-121.787,38.864],[-121.784,38.857],[-121.765,38.864],[-121.758,38.863],[-121.759,38.869],[-121.749,38.871],[-121.745,38.864],[-121.729,38.857],[-121.728,38.853],[-121.724,38.852],[-121.728,38.847],[-121.726,38.841],[-121.731,38.836],[-121.723,38.826],[-121.723,38.804],[-121.707,38.801],[-121.701,38.803],[-121.697,38.797],[-121.691,38.796],[-121.693,38.79],[-121.686,38.775],[-121.693,38.768],[-121.688,38.764],[-121.67,38.759],[-121.678,38.749],[-121.675,38.744],[-121.67,38.745],[-121.667,38.755],[-121.658,38.755],[-121.664,38.765],[-121.662,38.77],[-121.652,38.765],[-121.639,38.768],[-121.649,38.773],[-121.645,38.774],[-121.636,38.767],[-121.633,38.768],[-121.628,38.779],[-121.631,38.783],[-121.629,38.784],[-121.605,38.779],[-121.595,38.768],[-121.593,38.754],[-121.603,38.736],[-121.606,38.718],[-121.632,38.696],[-121.634,38.69],[-121.632,38.681],[-121.594,38.644],[-121.587,38.643],[-121.576,38.649],[-121.567,38.645],[-121.558,38.608],[-121.55,38.599],[-121.545,38.598],[-121.528,38.605],[-121.516,38.603],[-121.509,38.597],[-121.506,38.586],[-121.512,38.575],[-121.521,38.566],[-121.511,38.546],[-121.513,38.541],[-121.531,38.529],[-121.524,38.522],[-121.525,38.519],[-121.552,38.514],[-121.559,38.5],[-121.543,38.476],[-121.512,38.474],[-121.504,38.467],[-121.501,38.45],[-121.504,38.44],[-121.533,38.431],[-121.513,38.4],[-121.514,38.388],[-121.524,38.379],[-121.522,38.36],[-121.537,38.348],[-121.559,38.343],[-121.575,38.327],[-121.584,38.332],[-121.593,38.313],[-121.694,38.314],[-121.695,38.527],[-121.701,38.527],[-121.712,38.538],[-121.722,38.535],[-121.739,38.538],[-121.765,38.526],[-121.771,38.532],[-121.78,38.53],[-121.786,38.523],[-121.795,38.527],[-121.813,38.526],[-121.833,38.53],[-121.86,38.539],[-121.886,38.539],[-121.894,38.533],[-121.909,38.53],[-121.94,38.533],[-121.947,38.527],[-121.964,38.523],[-121.978,38.508],[-122.013,38.489],[-122.036,38.496],[-122.042,38.506],[-122.057,38.517],[-122.068,38.514],[-122.091,38.516],[-122.104,38.513],[-122.113,38.527],[-122.112,38.531],[-122.115,38.535],[-122.114,38.539],[-122.123,38.565],[-122.121,38.568],[-122.134,38.605],[-122.149,38.625],[-122.159,38.619],[-122.166,38.62],[-122.169,38.63],[-122.159,38.635],[-122.164,38.641],[-122.16,38.644],[-122.164,38.653],[-122.174,38.659],[-122.181,38.657],[-122.19,38.664],[-122.202,38.678],[-122.198,38.684],[-122.201,38.691],[-122.206,38.696],[-122.212,38.693],[-122.222,38.699],[-122.227,38.719],[-122.224,38.723],[-122.225,38.728],[-122.248,38.754],[-122.254,38.781],[-122.27,38.803],[-122.288,38.84],[-122.302,38.84],[-122.303,38.842],[-122.316,38.84],[-122.324,38.846],[-122.33,38.842],[-122.342,38.842],[-122.351,38.836],[-122.373,38.845],[-122.392,38.859],[-122.395,38.864],[-122.391,38.868],[-122.406,38.88],[-122.405,38.883],[-122.421,38.902],[-122.404,38.925]]]}},{"type":"Feature","properties":{"name":"Stanislaus"},"geometry":{"type":"Polygon","coordinates":[[[-121.475,37.479],[-121.241,37.664],[-121.232,37.663],[-121.229,37.669],[-121.22,37.671],[-121.219,37.676],[-121.223,37.677],[-121.218,37.679],[-121.223,37.684],[-121.216,37.688],[-121.209,37.686],[-121.206,37.695],[-121.2,37.696],[-121.2,37.69],[-121.194,37.695],[-121.187,37.688],[-121.181,37.688],[-121.183,37.69],[-121.18,37.693],[-121.184,37.693],[-121.181,37.694],[-121.183,37.699],[-121.176,37.699],[-121.18,37.703],[-121.178,37.706],[-121.166,37.699],[-121.164,37.7],[-121.166,37.704],[-121.159,37.704],[-121.162,37.708],[-121.159,37.709],[-121.161,37.711],[-121.156,37.72],[-121.146,37.717],[-121.137,37.725],[-121.121,37.722],[-121.121,37.724],[-121.116,37.725],[-121.108,37.732],[-121.11,37.742],[-121.1,37.74],[-121.101,37.738],[-121.094,37.734],[-121.088,37.741],[-121.076,37.738],[-121.067,37.74],[-121.067,37.745],[-121.063,37.744],[-121.065,37.746],[-121.056,37.75],[-121.052,37.749],[-121.052,37.743],[-121.038,37.739],[-121.037,37.743],[-121.026,37.742],[-121.018,37.755],[-121.011,37.756],[-121.014,37.754],[-121.012,37.75],[-121.008,37.749],[-120.993,37.761],[-120.954,37.738],[-120.942,37.742],[-120.921,37.738],[-120.923,37.758],[-120.926,37.887],[-120.926,38.077],[-120.876,38.029],[-120.753,37.923],[-120.729,37.898],[-120.655,37.833],[-120.388,37.634],[-120.886,37.44],[-120.984,37.4],[-120.99,37.396],[-120.99,37.39],[-120.995,37.387],[-120.993,37.384],[-120.982,37.385],[-120.984,37.375],[-120.973,37.376],[-120.979,37.371],[-120.974,37.369],[-120.981,37.365],[-120.978,37.362],[-120.976,37.35],[-120.965,37.345],[-121.227,37.135],[-121.232,37.14],[-121.237,37.157],[-121.262,37.159],[-121.281,37.184],[-121.299,37.166],[-121.313,37.17],[-121.328,37.166],[-121.347,37.18],[-121.361,37.184],[-121.384,37.166],[-121.382,37.158],[-121.384,37.151],[-121.393,37.148],[-121.405,37.156],[-121.408,37.169],[-121.413,37.173],[-121.409,37.181],[-121.417,37.211],[-121.421,37.215],[-121.422,37.222],[-121.432,37.228],[-121.434,37.226],[-121.449,37.237],[-121.456,37.249],[-121.457,37.261],[-121.454,37.277],[-121.459,37.283],[-121.454,37.284],[-121.449,37.29],[-121.45,37.294],[-121.444,37.297],[-121.437,37.292],[-121.423,37.295],[-121.418,37.303],[-121.406,37.311],[-121.412,37.324],[-121.409,37.331],[-121.421,37.345],[-121.42,37.353],[-121.424,37.359],[-121.416,37.376],[-121.409,37.381],[-121.413,37.389],[-121.424,37.394],[-121.436,37.396],[-121.448,37.392],[-121.457,37.396],[-121.456,37.407],[-121.473,37.423],[-121.469,37.425],[-121.47,37.431],[-121.462,37.439],[-121.463,37.451],[-121.484,37.466],[-121.487,37.476],[-121.475,37.479]]]}},{"type":"Feature","properties":{"name":"San Bernardino"},"geometry":{"type":"Polygon","coordinates":[[[-117.785,34.005],[-117.768,34.005],[-117.768,34.024],[-117.736,34.019],[-117.73,34.021],[-117.717,34.067],[-117.679,34.162],[-117.646,34.289],[-117.66,34.452],[-117.66,34.558],[-117.667,34.558],[-117.667,34.823],[-117.632,34.822],[-117.631,35.42],[-117.634,35.435],[-117.634,35.451],[-117.63,35.451],[-117.63,35.466],[-117.63,35.564],[-117.635,35.564],[-117.634,35.651],[-117.617,35.652],[-117.617,35.681],[-117.652,35.681],[-117.652,35.71],[-117.634,35.71],[-117.634,35.797],[-115.736,35.794],[-115.736,35.809],[-115.648,35.81],[-114.995,35.293],[-114.633,35.002],[-114.629,34.986],[-114.635,34.965],[-114.63,34.943],[-114.633,34.925],[-114.631,34.907],[-114.637,34.889],[-114.634,34.873],[-114.624,34.86],[-114.601,34.847],[-114.587,34.836],[-114.576,34.815],[-114.571,34.794],[-114.553,34.767],[-114.53,34.751],[-114.517,34.737],[-114.491,34.725],[-114.488,34.717],[-114.47,34.711],[-114.465,34.691],[-114.451,34.667],[-114.458,34.658],[-114.441,34.643],[-114.439,34.621],[-114.424,34.61],[-114.424,34.602],[-114.436,34.595],[-114.422,34.581],[-114.405,34.57],[-114.381,34.53],[-114.378,34.507],[-114.382,34.496],[-114.382,34.476],[-114.387,34.458],[-114.374,34.447],[-114.335,34.45],[-114.326,34.437],[-114.312,34.433],[-114.295,34.421],[-114.289,34.407],[-114.264,34.401],[-114.234,34.377],[-114.226,34.366],[-114.199,34.361],[-114.177,34.349],[-114.157,34.318],[-114.138,34.303],[-114.137,34.274],[-114.131,34.263],[-114.135,34.258],[-114.165,34.259],[-114.167,34.25],[-114.175,34.247],[-114.178,34.24],[-114.225,34.204],[-114.225,34.194],[-114.23,34.187],[-114.254,34.174],[-114.268,34.17],[-114.287,34.171],[-114.321,34.139],[-114.353,34.133],[-114.367,34.119],[-114.391,34.11],[-114.412,34.11],[-114.433,34.088],[-114.435,34.08],[-115.316,34.078],[-115.316,34.034],[-116.93,34.034],[-116.93,34.005],[-117.225,34.004],[-117.226,34.018],[-117.375,34.019],[-117.375,34.034],[-117.558,34.033],[-117.558,33.988],[-117.611,33.972],[-117.611,33.925],[-117.655,33.925],[-117.655,33.889],[-117.677,33.889],[-117.669,33.881],[-117.673,33.871],[-117.794,33.954],[-117.794,33.968],[-117.802,33.968],[-117.803,33.976],[-117.785,34.005]]]}},{"type":"Feature","properties":{"name":"Alameda"},"geometry":{"type":"Polygon","coordinates":[[[-122.333,37.811],[-122.323,37.81],[-122.317,37.816],[-122.319,37.819],[-122.33,37.821],[-122.316,37.827],[-122.297,37.828],[-122.298,37.836],[-122.316,37.837],[-122.314,37.842],[-122.299,37.84],[-122.301,37.855],[-122.308,37.863],[-122.317,37.859],[-122.325,37.874],[-122.319,37.875],[-122.313,37.87],[-122.309,37.871],[-122.311,37.88],[-122.316,37.885],[-122.327,37.889],[-122.327,37.892],[-122.311,37.89],[-122.309,37.893],[-122.313,37.897],[-122.288,37.898],[-122.271,37.906],[-122.257,37.9],[-122.249,37.891],[-122.249,37.887],[-122.242,37.882],[-122.224,37.879],[-122.216,37.869],[-122.221,37.865],[-122.209,37.852],[-122.203,37.851],[-122.196,37.842],[-122.185,37.837],[-122.186,37.821],[-122.167,37.813],[-122.157,37.818],[-122.14,37.805],[-122.045,37.798],[-122.014,37.78],[-121.997,37.763],[-122.011,37.755],[-122.012,37.747],[-121.988,37.733],[-121.972,37.73],[-121.96,37.719],[-121.557,37.816],[-121.557,37.543],[-121.542,37.53],[-121.522,37.525],[-121.501,37.525],[-121.498,37.522],[-121.502,37.518],[-121.497,37.512],[-121.496,37.505],[-121.482,37.501],[-121.469,37.489],[-121.471,37.483],[-121.865,37.485],[-121.88,37.472],[-121.911,37.462],[-121.925,37.454],[-121.928,37.457],[-121.932,37.455],[-121.931,37.461],[-121.939,37.462],[-121.945,37.469],[-121.948,37.462],[-121.959,37.464],[-121.975,37.461],[-121.996,37.467],[-122.041,37.463],[-122.05,37.466],[-122.053,37.473],[-122.056,37.495],[-122.083,37.502],[-122.103,37.497],[-122.109,37.5],[-122.112,37.529],[-122.147,37.588],[-122.146,37.607],[-122.151,37.621],[-122.153,37.642],[-122.168,37.677],[-122.194,37.696],[-122.204,37.712],[-122.212,37.709],[-122.212,37.702],[-122.215,37.699],[-122.252,37.725],[-122.248,37.728],[-122.262,37.743],[-122.244,37.752],[-122.272,37.762],[-122.279,37.768],[-122.283,37.764],[-122.289,37.765],[-122.289,37.769],[-122.328,37.781],[-122.334,37.801],[-122.342,37.806],[-122.333,37.811]]]}},{"type":"Feature","properties":{"name":"Monterey"},"geometry":{"type":"Polygon","coordinates":[[[-121.974,36.583],[-121.968,36.582],[-121.963,36.589],[-121.958,36.609],[-121.947,36.611],[-121.941,36.618],[-121.936,36.637],[-121.925,36.635],[-121.922,36.628],[-121.914,36.623],[-121.904,36.621],[-121.887,36.601],[-121.866,36.607],[-121.837,36.635],[-121.818,36.669],[-121.809,36.699],[-121.806,36.75],[-121.788,36.804],[-121.811,36.851],[-121.801,36.858],[-121.803,36.867],[-121.793,36.88],[-121.786,36.886],[-121.776,36.883],[-121.769,36.885],[-121.757,36.9],[-121.745,36.909],[-121.736,36.909],[-121.726,36.914],[-121.715,36.909],[-121.71,36.915],[-121.7,36.92],[-121.698,36.917],[-121.707,36.911],[-121.706,36.91],[-121.702,36.908],[-121.697,36.912],[-121.681,36.903],[-121.668,36.912],[-121.655,36.913],[-121.652,36.909],[-121.653,36.902],[-121.646,36.902],[-121.641,36.88],[-121.643,36.874],[-121.622,36.846],[-121.598,36.837],[-121.504,36.757],[-121.502,36.76],[-121.482,36.765],[-121.474,36.757],[-121.476,36.749],[-121.462,36.744],[-121.459,36.734],[-121.453,36.729],[-121.453,36.721],[-121.483,36.715],[-121.485,36.713],[-121.482,36.705],[-121.477,36.703],[-121.469,36.691],[-121.469,36.685],[-121.459,36.686],[-121.444,36.673],[-121.432,36.679],[-121.416,36.673],[-121.407,36.656],[-121.378,36.653],[-121.366,36.656],[-121.35,36.648],[-121.349,36.643],[-121.342,36.64],[-121.342,36.631],[-121.318,36.61],[-121.319,36.605],[-121.324,36.602],[-121.324,36.588],[-121.327,36.586],[-121.323,36.578],[-121.334,36.574],[-121.329,36.555],[-121.313,36.55],[-121.302,36.539],[-121.295,36.527],[-121.307,36.517],[-121.307,36.512],[-121.312,36.505],[-121.309,36.5],[-121.302,36.505],[-121.295,36.506],[-121.269,36.502],[-121.247,36.507],[-121.239,36.505],[-121.228,36.485],[-121.23,36.475],[-121.225,36.472],[-121.215,36.473],[-121.21,36.465],[-121.198,36.455],[-121.193,36.446],[-121.041,36.324],[-121.04,36.271],[-121.036,36.276],[-121.028,36.275],[-121.027,36.26],[-121.019,36.26],[-121.014,36.269],[-121.012,36.265],[-121.01,36.269],[-121.005,36.267],[-121.0,36.271],[-120.992,36.27],[-120.987,36.275],[-120.986,36.293],[-120.974,36.29],[-120.953,36.275],[-120.939,36.283],[-120.941,36.287],[-120.935,36.289],[-120.936,36.294],[-120.933,36.3],[-120.927,36.301],[-120.926,36.308],[-120.92,36.311],[-120.899,36.301],[-120.889,36.29],[-120.874,36.295],[-120.86,36.29],[-120.856,36.285],[-120.852,36.286],[-120.837,36.272],[-120.839,36.271],[-120.837,36.263],[-120.83,36.257],[-120.826,36.258],[-120.826,36.254],[-120.824,36.257],[-120.813,36.25],[-120.811,36.252],[-120.812,36.245],[-120.802,36.241],[-120.799,36.235],[-120.789,36.235],[-120.789,36.231],[-120.783,36.229],[-120.781,36.222],[-120.771,36.219],[-120.765,36.213],[-120.767,36.21],[-120.759,36.202],[-120.749,36.199],[-120.731,36.204],[-120.718,36.197],[-120.706,36.204],[-120.707,36.232],[-120.718,36.26],[-120.732,36.275],[-120.734,36.284],[-120.743,36.298],[-120.758,36.309],[-120.747,36.31],[-120.723,36.293],[-120.717,36.292],[-120.708,36.286],[-120.704,36.287],[-120.687,36.271],[-120.682,36.272],[-120.68,36.265],[-120.674,36.26],[-120.675,36.255],[-120.682,36.251],[-120.68,36.247],[-120.667,36.236],[-120.651,36.23],[-120.649,36.224],[-120.641,36.22],[-120.627,36.203],[-120.639,36.196],[-120.645,36.179],[-120.649,36.179],[-120.652,36.174],[-120.65,36.168],[-120.663,36.171],[-120.664,36.166],[-120.672,36.164],[-120.668,36.161],[-120.665,36.147],[-120.668,36.138],[-120.656,36.132],[-120.653,36.119],[-120.645,36.116],[-120.649,36.108],[-120.646,36.105],[-120.642,36.101],[-120.634,36.103],[-120.626,36.097],[-120.615,36.095],[-120.612,36.095],[-120.608,36.103],[-120.601,36.102],[-120.59,36.09],[-120.593,36.089],[-120.596,36.078],[-120.588,36.067],[-120.567,36.053],[-120.545,36.046],[-120.54,36.037],[-120.527,36.036],[-120.53,36.024],[-120.52,36.021],[-120.518,36.028],[-120.51,36.022],[-120.5,36.022],[-120.486,36.011],[-120.48,36.011],[-120.477,36.001],[-120.469,35.994],[-120.45,35.988],[-120.433,35.969],[-120.409,35.976],[-120.394,35.968],[-120.36,35.964],[-120.362,35.959],[-120.358,35.956],[-120.357,35.948],[-120.346,35.945],[-120.336,35.937],[-120.336,35.923],[-120.323,35.908],[-120.276,35.906],[-120.243,35.878],[-120.245,35.873],[-120.24,35.866],[-120.256,35.856],[-120.259,35.845],[-120.245,35.824],[-120.239,35.826],[-120.22,35.819],[-120.214,35.789],[-121.346,35.795],[-121.388,35.823],[-121.415,35.858],[-121.44,35.867],[-121.453,35.881],[-121.459,35.883],[-121.463,35.889],[-121.463,35.904],[-121.471,35.915],[-121.469,35.928],[-121.476,35.931],[-121.475,35.937],[-121.482,35.95],[-121.486,35.971],[-121.501,35.998],[-121.511,36.007],[-121.532,36.015],[-121.55,36.019],[-121.567,36.02],[-121.575,36.025],[-121.582,36.041],[-121.589,36.048],[-121.593,36.066],[-121.607,36.072],[-121.619,36.087],[-121.633,36.12],[-121.645,36.128],[-121.675,36.163],[-121.7,36.177],[-121.717,36.195],[-121.747,36.21],[-121.753,36.211],[-121.78,36.227],[-121.797,36.234],[-121.811,36.234],[-121.82,36.241],[-121.826,36.242],[-121.836,36.251],[-121.852,36.278],[-121.875,36.289],[-121.888,36.303],[-121.897,36.305],[-121.9,36.303],[-121.903,36.306],[-121.895,36.318],[-121.897,36.327],[-121.894,36.332],[-121.893,36.342],[-121.905,36.356],[-121.903,36.364],[-121.903,36.371],[-121.907,36.373],[-121.902,36.387],[-121.906,36.398],[-121.915,36.403],[-121.913,36.407],[-121.917,36.411],[-121.914,36.426],[-121.927,36.448],[-121.93,36.448],[-121.93,36.453],[-121.925,36.454],[-121.926,36.459],[-121.93,36.467],[-121.937,36.472],[-121.942,36.49],[-121.946,36.491],[-121.937,36.498],[-121.94,36.5],[-121.939,36.506],[-121.954,36.522],[-121.947,36.523],[-121.939,36.519],[-121.925,36.526],[-121.934,36.545],[-121.93,36.547],[-121.933,36.56],[-121.95,36.568],[-121.953,36.561],[-121.97,36.57],[-121.977,36.58],[-121.974,36.583]]]}},{"type":"Feature","properties":{"name":"Santa Clara"},"geometry":{"type":"Polygon","coordinates":[[[-122.201,37.372],[-122.191,37.384],[-122.19,37.395],[-122.194,37.408],[-122.192,37.414],[-122.187,37.417],[-122.19,37.418],[-122.188,37.42],[-122.191,37.425],[-122.191,37.431],[-122.165,37.453],[-122.145,37.458],[-122.128,37.452],[-122.122,37.453],[-122.124,37.461],[-122.115,37.466],[-122.102,37.463],[-122.089,37.452],[-122.058,37.447],[-122.046,37.449],[-122.039,37.455],[-122.041,37.463],[-122.025,37.466],[-121.996,37.467],[-121.98,37.461],[-121.959,37.464],[-121.952,37.461],[-121.946,37.464],[-121.945,37.469],[-121.939,37.462],[-121.931,37.461],[-121.932,37.455],[-121.928,37.457],[-121.925,37.454],[-121.911,37.462],[-121.88,37.472],[-121.865,37.485],[-121.473,37.482],[-121.475,37.479],[-121.487,37.476],[-121.484,37.466],[-121.463,37.451],[-121.462,37.439],[-121.47,37.431],[-121.469,37.425],[-121.473,37.423],[-121.456,37.407],[-121.457,37.396],[-121.448,37.392],[-121.436,37.396],[-121.424,37.394],[-121.413,37.389],[-121.409,37.381],[-121.416,37.376],[-121.424,37.359],[-121.42,37.353],[-121.421,37.345],[-121.409,37.331],[-121.412,37.324],[-121.406,37.311],[-121.418,37.303],[-121.423,37.295],[-121.437,37.292],[-121.444,37.297],[-121.45,37.294],[-121.449,37.29],[-121.454,37.284],[-121.458,37.284],[-121.454,37.277],[-121.457,37.261],[-121.456,37.249],[-121.442,37.231],[-121.422,37.222],[-121.41,37.192],[-121.409,37.181],[-121.413,37.173],[-121.408,37.169],[-121.407,37.159],[-121.399,37.15],[-121.393,37.148],[-121.384,37.151],[-121.382,37.158],[-121.384,37.166],[-121.36,37.184],[-121.347,37.18],[-121.328,37.166],[-121.313,37.17],[-121.299,37.166],[-121.281,37.184],[-121.262,37.159],[-121.237,37.157],[-121.232,37.14],[-121.217,37.123],[-121.224,37.115],[-121.226,37.107],[-121.23,37.105],[-121.23,37.097],[-121.243,37.093],[-121.245,37.089],[-121.242,37.085],[-121.235,37.086],[-121.225,37.079],[-121.223,37.074],[-121.21,37.068],[-121.208,37.062],[-121.213,37.055],[-121.225,37.056],[-121.225,37.04],[-121.236,37.037],[-121.241,37.032],[-121.248,37.033],[-121.246,37.026],[-121.233,37.012],[-121.238,37.009],[-121.233,36.999],[-121.242,36.997],[-121.247,36.987],[-121.237,36.973],[-121.215,36.961],[-121.418,36.961],[-121.438,36.979],[-121.447,36.983],[-121.449,36.988],[-121.464,36.985],[-121.466,36.982],[-121.464,36.978],[-121.468,36.977],[-121.489,36.983],[-121.512,36.959],[-121.51,36.954],[-121.514,36.945],[-121.539,36.927],[-121.54,36.921],[-121.558,36.91],[-121.56,36.897],[-121.571,36.897],[-121.575,36.893],[-121.581,36.899],[-121.581,36.919],[-121.59,36.919],[-121.59,36.926],[-121.607,36.926],[-121.625,36.94],[-121.637,36.939],[-121.642,36.936],[-121.641,36.932],[-121.646,36.932],[-121.653,36.942],[-121.654,36.951],[-121.663,36.952],[-121.665,36.964],[-121.693,36.968],[-121.698,36.973],[-121.695,36.985],[-121.705,36.986],[-121.706,36.989],[-121.718,36.996],[-121.739,36.99],[-121.73,36.994],[-121.73,36.998],[-121.719,37.008],[-121.736,37.015],[-121.73,37.022],[-121.726,37.021],[-121.742,37.03],[-121.755,37.048],[-121.761,37.048],[-121.767,37.053],[-121.776,37.053],[-121.786,37.062],[-121.809,37.069],[-121.817,37.078],[-121.818,37.084],[-121.849,37.099],[-121.862,37.099],[-121.86,37.104],[-121.87,37.102],[-121.885,37.108],[-121.891,37.105],[-121.895,37.11],[-121.911,37.113],[-121.924,37.121],[-121.954,37.129],[-121.972,37.142],[-121.991,37.144],[-122.003,37.158],[-122.016,37.166],[-122.026,37.167],[-122.027,37.176],[-122.032,37.182],[-122.031,37.19],[-122.041,37.195],[-122.055,37.212],[-122.066,37.21],[-122.078,37.222],[-122.09,37.223],[-122.093,37.229],[-122.104,37.234],[-122.106,37.241],[-122.122,37.259],[-122.131,37.26],[-122.151,37.276],[-122.149,37.281],[-122.153,37.29],[-122.167,37.295],[-122.162,37.304],[-122.171,37.312],[-122.182,37.31],[-122.193,37.318],[-122.183,37.326],[-122.175,37.326],[-122.194,37.345],[-122.203,37.363],[-122.201,37.372]]]}},{"type":"Feature","properties":{"name":"San Joaquin"},"geometry":{"type":"Polygon","coordinates":[[[-121.582,38.068],[-121.573,38.074],[-121.577,38.078],[-121.58,38.094],[-121.567,38.097],[-121.564,38.101],[-121.567,38.106],[-121.584,38.113],[-121.584,38.12],[-121.576,38.129],[-121.558,38.137],[-121.559,38.144],[-121.536,38.152],[-121.536,38.158],[-121.524,38.172],[-121.528,38.181],[-121.524,38.186],[-121.529,38.195],[-121.52,38.203],[-121.51,38.205],[-121.504,38.212],[-121.506,38.225],[-121.492,38.228],[-121.487,38.24],[-121.479,38.246],[-121.48,38.254],[-121.476,38.258],[-121.466,38.26],[-121.45,38.255],[-121.445,38.257],[-121.429,38.255],[-121.425,38.25],[-121.427,38.245],[-121.421,38.237],[-121.398,38.227],[-121.389,38.233],[-121.367,38.231],[-121.363,38.228],[-121.355,38.231],[-121.344,38.228],[-121.296,38.238],[-121.283,38.25],[-121.268,38.252],[-121.248,38.245],[-121.229,38.248],[-121.223,38.244],[-121.215,38.249],[-121.203,38.249],[-121.192,38.257],[-121.173,38.255],[-121.147,38.264],[-121.128,38.277],[-121.093,38.283],[-121.067,38.299],[-121.047,38.291],[-121.041,38.298],[-121.027,38.3],[-120.939,38.088],[-120.926,38.077],[-120.926,37.887],[-120.923,37.758],[-120.921,37.738],[-120.942,37.742],[-120.954,37.738],[-120.993,37.761],[-121.008,37.749],[-121.012,37.75],[-121.014,37.754],[-121.011,37.756],[-121.018,37.755],[-121.026,37.742],[-121.037,37.743],[-121.038,37.739],[-121.052,37.743],[-121.052,37.749],[-121.056,37.75],[-121.065,37.746],[-121.063,37.744],[-121.067,37.745],[-121.067,37.74],[-121.076,37.738],[-121.088,37.741],[-121.094,37.734],[-121.101,37.738],[-121.1,37.74],[-121.11,37.742],[-121.108,37.732],[-121.116,37.725],[-121.121,37.724],[-121.121,37.722],[-121.137,37.725],[-121.146,37.717],[-121.156,37.72],[-121.161,37.711],[-121.159,37.709],[-121.162,37.708],[-121.159,37.704],[-121.166,37.704],[-121.164,37.7],[-121.166,37.699],[-121.178,37.706],[-121.18,37.703],[-121.176,37.699],[-121.183,37.699],[-121.181,37.694],[-121.184,37.693],[-121.18,37.693],[-121.183,37.69],[-121.181,37.688],[-121.187,37.688],[-121.194,37.695],[-121.2,37.69],[-121.2,37.696],[-121.206,37.695],[-121.209,37.686],[-121.216,37.688],[-121.223,37.684],[-121.218,37.679],[-121.223,37.677],[-121.219,37.676],[-121.22,37.671],[-121.229,37.669],[-121.232,37.663],[-121.241,37.664],[-121.472,37.482],[-121.471,37.491],[-121.482,37.501],[-121.496,37.505],[-121.497,37.512],[-121.502,37.518],[-121.498,37.522],[-121.501,37.525],[-121.522,37.525],[-121.542,37.53],[-121.557,37.543],[-121.557,37.816],[-121.553,37.819],[-121.549,37.834],[-121.544,37.833],[-121.538,37.837],[-121.534,37.85],[-121.54,37.849],[-121.541,37.858],[-121.547,37.855],[-121.553,37.861],[-121.555,37.858],[-121.56,37.859],[-121.562,37.853],[-121.566,37.858],[-121.571,37.858],[-121.57,37.861],[-121.579,37.858],[-121.573,37.866],[-121.579,37.872],[-121.574,37.883],[-121.576,37.889],[-121.568,37.892],[-121.566,37.898],[-121.573,37.905],[-121.563,37.911],[-121.565,37.919],[-121.556,37.923],[-121.559,37.928],[-121.557,37.932],[-121.561,37.936],[-121.563,37.944],[-121.558,37.946],[-121.567,37.944],[-121.569,37.948],[-121.564,37.955],[-121.575,37.955],[-121.565,37.96],[-121.58,37.976],[-121.572,37.979],[-121.582,37.984],[-121.576,37.995],[-121.579,37.999],[-121.569,38.001],[-121.579,38.004],[-121.58,38.008],[-121.578,38.011],[-121.567,38.013],[-121.572,38.018],[-121.558,38.017],[-121.564,38.03],[-121.572,38.031],[-121.572,38.041],[-121.58,38.041],[-121.578,38.034],[-121.582,38.032],[-121.585,38.044],[-121.582,38.068]]]}},{"type":"Feature","properties":{"name":"Fresno"},"geometry":{"type":"Polygon","coordinates":[[[-120.656,36.953],[-120.591,36.953],[-120.59,36.982],[-120.586,36.985],[-120.585,36.991],[-120.599,36.999],[-120.542,37.045],[-120.537,37.04],[-120.538,37.034],[-120.545,37.026],[-120.538,37.024],[-120.538,37.02],[-120.531,37.02],[-120.53,37.013],[-120.523,37.014],[-120.514,37.011],[-120.509,37.008],[-120.509,37.001],[-120.503,37.0],[-120.5,36.982],[-120.495,36.976],[-120.484,36.972],[-120.489,36.967],[-120.478,36.955],[-120.476,36.94],[-120.468,36.937],[-120.457,36.924],[-120.462,36.917],[-120.451,36.913],[-120.456,36.905],[-120.463,36.906],[-120.461,36.903],[-120.467,36.892],[-120.464,36.887],[-120.454,36.881],[-120.459,36.875],[-120.45,36.871],[-120.456,36.863],[-120.454,36.86],[-120.439,36.856],[-120.441,36.85],[-120.434,36.851],[-120.427,36.84],[-120.417,36.836],[-120.41,36.84],[-120.401,36.822],[-120.389,36.824],[-120.379,36.817],[-120.378,36.809],[-120.37,36.81],[-120.368,36.807],[-120.374,36.802],[-120.37,36.796],[-120.372,36.786],[-120.345,36.785],[-120.351,36.795],[-120.347,36.798],[-120.343,36.791],[-120.334,36.791],[-120.335,36.783],[-120.324,36.786],[-120.322,36.778],[-120.315,36.779],[-120.314,36.782],[-120.301,36.778],[-120.3,36.774],[-120.305,36.774],[-120.306,36.77],[-120.293,36.772],[-120.294,36.767],[-120.291,36.763],[-120.286,36.773],[-120.281,36.772],[-120.281,36.767],[-120.275,36.774],[-120.258,36.77],[-120.249,36.775],[-120.246,36.771],[-120.229,36.769],[-120.233,36.781],[-120.223,36.783],[-120.217,36.789],[-120.207,36.791],[-120.202,36.79],[-120.2,36.781],[-120.189,36.776],[-120.182,36.783],[-120.182,36.788],[-120.172,36.803],[-120.157,36.798],[-120.137,36.809],[-120.117,36.814],[-120.104,36.813],[-120.079,36.825],[-120.071,36.819],[-120.056,36.823],[-120.042,36.815],[-120.028,36.814],[-120.023,36.818],[-120.02,36.825],[-120.013,36.828],[-119.992,36.829],[-119.99,36.838],[-119.985,36.841],[-119.971,36.833],[-119.959,36.835],[-119.944,36.834],[-119.935,36.838],[-119.929,36.848],[-119.912,36.845],[-119.903,36.852],[-119.889,36.852],[-119.885,36.859],[-119.871,36.852],[-119.866,36.851],[-119.861,36.855],[-119.854,36.851],[-119.848,36.86],[-119.841,36.861],[-119.837,36.854],[-119.832,36.852],[-119.819,36.848],[-119.814,36.85],[-119.81,36.863],[-119.802,36.867],[-119.797,36.875],[-119.786,36.879],[-119.785,36.885],[-119.789,36.897],[-119.776,36.909],[-119.773,36.919],[-119.755,36.923],[-119.75,36.928],[-119.753,36.935],[-119.734,36.946],[-119.737,36.954],[-119.743,36.955],[-119.74,36.97],[-119.714,36.991],[-119.698,37.009],[-119.691,37.012],[-119.671,37.009],[-119.659,37.013],[-119.659,37.039],[-119.652,37.043],[-119.639,37.043],[-119.629,37.035],[-119.636,37.025],[-119.635,37.022],[-119.621,37.027],[-119.61,37.046],[-119.613,37.054],[-119.605,37.071],[-119.597,37.071],[-119.586,37.066],[-119.561,37.065],[-119.563,37.074],[-119.559,37.088],[-119.542,37.095],[-119.538,37.104],[-119.548,37.116],[-119.569,37.117],[-119.563,37.128],[-119.564,37.138],[-119.559,37.144],[-119.548,37.144],[-119.541,37.136],[-119.525,37.128],[-119.518,37.146],[-119.507,37.151],[-119.489,37.136],[-119.493,37.125],[-119.491,37.12],[-119.484,37.111],[-119.475,37.11],[-119.471,37.111],[-119.466,37.12],[-119.469,37.126],[-119.463,37.144],[-119.443,37.144],[-119.435,37.147],[-119.432,37.163],[-119.418,37.164],[-119.409,37.161],[-119.4,37.15],[-119.389,37.149],[-119.375,37.158],[-119.375,37.164],[-119.362,37.168],[-119.361,37.181],[-119.341,37.191],[-119.329,37.21],[-119.331,37.215],[-119.338,37.219],[-119.334,37.223],[-119.332,37.24],[-119.322,37.247],[-119.322,37.254],[-119.326,37.27],[-119.332,37.274],[-119.327,37.291],[-119.335,37.312],[-119.316,37.324],[-119.316,37.328],[-119.326,37.335],[-119.312,37.34],[-119.312,37.343],[-119.315,37.346],[-119.312,37.353],[-119.022,37.586],[-119.002,37.571],[-118.985,37.567],[-118.977,37.557],[-118.972,37.559],[-118.964,37.558],[-118.953,37.566],[-118.943,37.562],[-118.939,37.554],[-118.93,37.549],[-118.917,37.55],[-118.901,37.531],[-118.902,37.526],[-118.891,37.525],[-118.884,37.52],[-118.882,37.51],[-118.867,37.507],[-118.861,37.502],[-118.856,37.478],[-118.85,37.476],[-118.842,37.481],[-118.836,37.483],[-118.833,37.48],[-118.816,37.488],[-118.796,37.488],[-118.786,37.479],[-118.785,37.474],[-118.778,37.469],[-118.773,37.459],[-118.763,37.457],[-118.759,37.445],[-118.76,37.434],[-118.769,37.422],[-118.776,37.425],[-118.78,37.422],[-118.784,37.413],[-118.782,37.408],[-118.79,37.394],[-118.778,37.375],[-118.773,37.375],[-118.768,37.368],[-118.77,37.366],[-118.768,37.361],[-118.782,37.356],[-118.787,37.343],[-118.78,37.335],[-118.758,37.329],[-118.74,37.315],[-118.716,37.328],[-118.701,37.308],[-118.695,37.305],[-118.682,37.28],[-118.665,37.262],[-118.675,37.249],[-118.684,37.244],[-118.682,37.234],[-118.686,37.228],[-118.681,37.223],[-118.679,37.214],[-118.676,37.214],[-118.681,37.204],[-118.667,37.19],[-118.664,37.178],[-118.673,37.167],[-118.667,37.161],[-118.667,37.155],[-118.657,37.147],[-118.655,37.142],[-118.644,37.138],[-118.629,37.137],[-118.614,37.143],[-118.6,37.137],[-118.593,37.138],[-118.583,37.122],[-118.569,37.123],[-118.568,37.115],[-118.564,37.113],[-118.546,37.115],[-118.531,37.111],[-118.53,37.105],[-118.522,37.098],[-118.512,37.093],[-118.503,37.095],[-118.493,37.087],[-118.487,37.077],[-118.471,37.073],[-118.467,37.067],[-118.449,37.069],[-118.441,37.064],[-118.435,37.051],[-118.442,37.046],[-118.439,37.039],[-118.429,37.034],[-118.423,37.026],[-118.423,37.017],[-118.428,37.011],[-118.412,36.998],[-118.419,36.995],[-118.42,36.987],[-118.411,36.983],[-118.41,36.975],[-118.404,36.972],[-118.405,36.958],[-118.397,36.957],[-118.388,36.946],[-118.382,36.926],[-118.367,36.907],[-118.369,36.898],[-118.361,36.888],[-118.367,36.881],[-118.37,36.872],[-118.362,36.861],[-118.362,36.844],[-118.371,36.836],[-118.39,36.834],[-118.394,36.83],[-118.384,36.81],[-118.38,36.809],[-118.374,36.801],[-118.373,36.795],[-118.38,36.782],[-118.372,36.767],[-118.375,36.764],[-118.369,36.75],[-118.361,36.745],[-118.555,36.745],[-118.555,36.739],[-118.982,36.742],[-118.985,36.657],[-119.305,36.661],[-119.305,36.574],[-119.466,36.575],[-119.546,36.509],[-119.667,36.419],[-119.673,36.427],[-119.671,36.431],[-119.694,36.424],[-119.706,36.427],[-119.714,36.419],[-119.731,36.421],[-119.735,36.416],[-119.747,36.416],[-119.752,36.409],[-119.753,36.402],[-119.959,36.401],[-119.959,36.181],[-120.319,35.907],[-120.332,35.916],[-120.337,35.926],[-120.336,35.937],[-120.346,35.945],[-120.357,35.948],[-120.358,35.956],[-120.362,35.959],[-120.36,35.964],[-120.394,35.968],[-120.409,35.976],[-120.433,35.969],[-120.45,35.988],[-120.469,35.994],[-120.477,36.001],[-120.48,36.011],[-120.486,36.011],[-120.5,36.022],[-120.51,36.022],[-120.518,36.028],[-120.52,36.021],[-120.53,36.024],[-120.527,36.036],[-120.54,36.037],[-120.545,36.046],[-120.567,36.053],[-120.588,36.067],[-120.596,36.078],[-120.593,36.089],[-120.59,36.09],[-120.601,36.102],[-120.608,36.103],[-120.612,36.095],[-120.615,36.095],[-120.626,36.097],[-120.634,36.103],[-120.642,36.101],[-120.649,36.108],[-120.645,36.116],[-120.653,36.119],[-120.656,36.132],[-120.668,36.138],[-120.665,36.147],[-120.668,36.161],[-120.672,36.164],[-120.664,36.166],[-120.663,36.171],[-120.65,36.168],[-120.652,36.174],[-120.649,36.179],[-120.645,36.179],[-120.639,36.196],[-120.627,36.203],[-120.641,36.22],[-120.649,36.224],[-120.651,36.23],[-120.667,36.236],[-120.68,36.247],[-120.682,36.251],[-120.673,36.258],[-120.68,36.267],[-120.675,36.271],[-120.676,36.277],[-120.673,36.28],[-120.683,36.287],[-120.68,36.291],[-120.683,36.294],[-120.659,36.316],[-120.618,36.319],[-120.612,36.322],[-120.613,36.324],[-120.597,36.328],[-120.597,36.488],[-120.604,36.488],[-120.919,36.74],[-120.656,36.953]]]}},{"type":"Feature","properties":{"name":"Ventura"},"geometry":{"type":"MultiPolygon","coordinates":[[[[-119.363,34.017],[-119.358,34.016],[-119.372,34.012],[-119.374,34.014],[-119.363,34.017]]],[[[-119.421,34.015],[-119.413,34.009],[-119.396,34.006],[-119.383,34.011],[-119.379,34.01],[-119.391,34.003],[-119.422,34.005],[-119.442,34.014],[-119.421,34.015]]],[[[-119.473,34.38],[-119.469,34.388],[-119.447,34.402],[-119.445,34.409],[-119.454,34.418],[-119.453,34.429],[-119.445,34.43],[-119.44,34.442],[-119.443,34.45],[-119.444,34.901],[-119.384,34.901],[-119.382,34.874],[-119.276,34.872],[-119.277,34.857],[-119.243,34.858],[-119.243,34.814],[-118.978,34.812],[-118.978,34.79],[-118.88,34.789],[-118.637,34.292],[-118.632,34.24],[-118.668,34.24],[-118.668,34.168],[-118.789,34.168],[-118.941,34.075],[-118.945,34.046],[-118.978,34.06],[-119.009,34.067],[-119.037,34.083],[-119.061,34.085],[-119.086,34.099],[-119.098,34.1],[-119.109,34.096],[-119.129,34.101],[-119.189,34.139],[-119.216,34.146],[-119.237,34.176],[-119.257,34.213],[-119.264,34.227],[-119.27,34.253],[-119.279,34.267],[-119.291,34.275],[-119.302,34.273],[-119.312,34.276],[-119.337,34.291],[-119.349,34.304],[-119.37,34.319],[-119.39,34.318],[-119.428,34.353],[-119.443,34.356],[-119.461,34.374],[-119.477,34.374],[-119.478,34.379],[-119.473,34.38]]],[[[-119.562,33.271],[-119.551,33.281],[-119.54,33.281],[-119.535,33.285],[-119.529,33.285],[-119.499,33.267],[-119.487,33.268],[-119.486,33.265],[-119.461,33.257],[-119.439,33.237],[-119.434,33.227],[-119.439,33.22],[-119.47,33.215],[-119.491,33.22],[-119.498,33.219],[-119.531,33.231],[-119.546,33.233],[-119.56,33.245],[-119.566,33.247],[-119.567,33.255],[-119.575,33.258],[-119.577,33.279],[-119.562,33.271]]]]}},{"type":"Feature","properties":{"name":"Mendocino"},"geometry":{"type":"Polygon","coordinates":[[[-123.544,40.002],[-123.545,39.977],[-122.934,39.978],[-122.926,39.968],[-122.927,39.945],[-122.917,39.937],[-122.91,39.936],[-122.912,39.932],[-122.921,39.929],[-122.921,39.916],[-122.951,39.906],[-122.948,39.894],[-122.953,39.873],[-122.951,39.869],[-122.956,39.859],[-122.954,39.855],[-122.96,39.845],[-122.956,39.839],[-122.947,39.833],[-122.944,39.802],[-122.938,39.798],[-122.938,39.748],[-122.913,39.748],[-122.913,39.709],[-122.893,39.709],[-122.89,39.623],[-122.884,39.611],[-122.89,39.529],[-122.937,39.531],[-122.937,39.516],[-123.025,39.519],[-123.025,39.511],[-123.044,39.511],[-123.044,39.504],[-123.063,39.504],[-123.063,39.452],[-123.073,39.453],[-123.07,39.436],[-123.075,39.437],[-123.075,39.408],[-123.056,39.408],[-123.057,39.379],[-123.048,39.379],[-123.049,39.364],[-123.038,39.364],[-123.038,39.336],[-123.029,39.337],[-123.029,39.322],[-123.02,39.322],[-123.02,39.278],[-123.005,39.278],[-123.004,39.257],[-122.994,39.257],[-122.995,39.236],[-123.013,39.236],[-123.013,39.221],[-123.021,39.221],[-123.024,39.207],[-123.029,39.207],[-123.03,39.2],[-123.034,39.2],[-123.035,39.192],[-123.04,39.192],[-123.041,39.181],[-123.045,39.181],[-123.046,39.173],[-123.078,39.174],[-123.078,39.139],[-123.088,39.138],[-123.085,39.095],[-123.094,39.095],[-123.094,39.081],[-123.093,39.072],[-123.084,39.072],[-123.084,39.064],[-123.065,39.064],[-123.065,39.05],[-123.056,39.05],[-123.056,39.021],[-123.047,39.021],[-123.047,39.014],[-123.038,39.014],[-123.037,39.006],[-123.028,39.006],[-123.028,38.997],[-123.019,38.997],[-123.019,38.993],[-123.009,38.993],[-123.009,38.997],[-122.987,38.997],[-122.987,38.983],[-122.977,38.983],[-122.978,38.947],[-122.968,38.947],[-122.97,38.933],[-122.96,38.932],[-122.962,38.926],[-122.949,38.925],[-122.949,38.9],[-122.911,38.902],[-122.911,38.895],[-122.894,38.896],[-122.895,38.881],[-122.876,38.881],[-122.876,38.873],[-122.858,38.873],[-122.858,38.866],[-122.84,38.866],[-122.84,38.858],[-122.821,38.858],[-122.822,38.85],[-123.081,38.852],[-123.081,38.838],[-123.137,38.839],[-123.136,38.809],[-123.368,38.807],[-123.368,38.777],[-123.497,38.779],[-123.5,38.774],[-123.507,38.774],[-123.509,38.768],[-123.516,38.768],[-123.521,38.759],[-123.542,38.772],[-123.542,38.777],[-123.561,38.785],[-123.561,38.789],[-123.58,38.803],[-123.59,38.802],[-123.593,38.799],[-123.591,38.804],[-123.593,38.807],[-123.602,38.807],[-123.603,38.809],[-123.599,38.811],[-123.605,38.823],[-123.626,38.832],[-123.639,38.844],[-123.647,38.845],[-123.66,38.873],[-123.68,38.883],[-123.688,38.894],[-123.711,38.91],[-123.71,38.915],[-123.728,38.919],[-123.73,38.93],[-123.728,38.93],[-123.726,38.936],[-123.742,38.956],[-123.729,38.957],[-123.711,38.977],[-123.691,39.021],[-123.69,39.037],[-123.694,39.042],[-123.691,39.044],[-123.693,39.048],[-123.691,39.051],[-123.706,39.081],[-123.706,39.091],[-123.711,39.098],[-123.708,39.102],[-123.72,39.123],[-123.719,39.135],[-123.728,39.138],[-123.728,39.142],[-123.736,39.14],[-123.738,39.163],[-123.754,39.176],[-123.752,39.179],[-123.761,39.192],[-123.771,39.194],[-123.773,39.198],[-123.77,39.202],[-123.777,39.214],[-123.77,39.216],[-123.777,39.223],[-123.779,39.231],[-123.782,39.231],[-123.777,39.237],[-123.783,39.253],[-123.788,39.254],[-123.789,39.27],[-123.792,39.274],[-123.799,39.271],[-123.804,39.279],[-123.802,39.284],[-123.805,39.29],[-123.802,39.293],[-123.795,39.291],[-123.797,39.301],[-123.805,39.301],[-123.814,39.308],[-123.814,39.312],[-123.801,39.313],[-123.801,39.318],[-123.828,39.348],[-123.824,39.358],[-123.826,39.362],[-123.817,39.361],[-123.826,39.369],[-123.822,39.375],[-123.822,39.407],[-123.815,39.411],[-123.818,39.424],[-123.809,39.427],[-123.81,39.43],[-123.816,39.43],[-123.82,39.439],[-123.816,39.439],[-123.813,39.443],[-123.816,39.445],[-123.808,39.471],[-123.804,39.473],[-123.804,39.49],[-123.796,39.492],[-123.784,39.509],[-123.766,39.553],[-123.773,39.572],[-123.779,39.578],[-123.777,39.584],[-123.786,39.593],[-123.789,39.6],[-123.787,39.608],[-123.784,39.61],[-123.782,39.621],[-123.787,39.627],[-123.785,39.629],[-123.786,39.66],[-123.793,39.667],[-123.794,39.69],[-123.803,39.699],[-123.808,39.711],[-123.83,39.723],[-123.832,39.731],[-123.828,39.732],[-123.829,39.736],[-123.835,39.739],[-123.832,39.74],[-123.832,39.743],[-123.838,39.752],[-123.84,39.796],[-123.846,39.807],[-123.846,39.817],[-123.852,39.832],[-123.881,39.845],[-123.908,39.863],[-123.93,39.91],[-123.955,39.922],[-123.98,39.962],[-123.996,39.973],[-124.023,40.001],[-123.544,40.002]]]}},{"type":"Feature","properties":{"name":"Imperial"},"geometry":{"type":"Polygon","coordinates":[[[-116.106,32.726],[-116.103,32.727],[-116.103,33.075],[-116.081,33.075],[-116.085,33.426],[-115.063,33.428],[-114.831,33.43],[-114.831,33.434],[-114.627,33.434],[-114.635,33.423],[-114.65,33.414],[-114.688,33.418],[-114.696,33.415],[-114.702,33.408],[-114.72,33.408],[-114.726,33.404],[-114.707,33.383],[-114.698,33.352],[-114.701,33.337],[-114.708,33.323],[-114.724,33.312],[-114.731,33.302],[-114.722,33.287],[-114.681,33.274],[-114.672,33.258],[-114.69,33.246],[-114.674,33.223],[-114.679,33.203],[-114.675,33.185],[-114.68,33.17],[-114.679,33.16],[-114.687,33.142],[-114.697,33.131],[-114.706,33.105],[-114.708,33.091],[-114.705,33.087],[-114.689,33.084],[-114.687,33.071],[-114.674,33.057],[-114.674,33.042],[-114.665,33.034],[-114.658,33.034],[-114.646,33.049],[-114.64,33.045],[-114.628,33.031],[-114.619,33.027],[-114.59,33.026],[-114.575,33.037],[-114.52,33.03],[-114.511,33.023],[-114.503,33.011],[-114.493,32.972],[-114.489,32.97],[-114.476,32.975],[-114.469,32.972],[-114.468,32.956],[-114.481,32.935],[-114.477,32.924],[-114.464,32.913],[-114.463,32.908],[-114.469,32.845],[-114.494,32.823],[-114.51,32.816],[-114.529,32.796],[-114.532,32.777],[-114.527,32.757],[-114.539,32.757],[-114.539,32.75],[-114.564,32.75],[-114.565,32.742],[-114.582,32.742],[-114.582,32.735],[-114.613,32.735],[-114.618,32.728],[-114.689,32.738],[-114.702,32.746],[-114.715,32.73],[-114.72,32.719],[-115.465,32.667],[-116.106,32.619],[-116.106,32.726]]]}},{"type":"Feature","properties":{"name":"Placer"},"geometry":{"type":"Polygon","coordinates":[[[-121.47,38.752],[-121.469,38.926],[-121.414,38.926],[-121.415,38.998],[-121.408,38.999],[-121.395,39.01],[-121.385,39.014],[-121.385,39.018],[-121.377,39.021],[-121.366,39.032],[-121.354,39.031],[-121.306,39.053],[-121.293,39.044],[-121.29,39.037],[-121.257,39.028],[-121.249,39.029],[-121.241,39.021],[-121.233,39.025],[-121.222,39.012],[-121.206,39.012],[-121.205,39.016],[-121.199,39.018],[-121.187,39.013],[-121.179,39.02],[-121.171,39.019],[-121.152,39.027],[-121.15,39.032],[-121.137,39.038],[-121.125,39.032],[-121.127,39.03],[-121.123,39.024],[-121.115,39.019],[-121.109,39.018],[-121.104,39.012],[-121.095,39.011],[-121.09,39.014],[-121.079,39.007],[-121.069,39.005],[-121.062,39.01],[-121.042,39.014],[-121.031,39.028],[-121.03,39.037],[-121.021,39.039],[-121.019,39.047],[-121.013,39.048],[-121.013,39.053],[-121.008,39.052],[-121.003,39.068],[-120.997,39.068],[-120.999,39.072],[-120.992,39.075],[-120.996,39.08],[-120.989,39.084],[-120.986,39.102],[-120.989,39.111],[-120.979,39.11],[-120.966,39.128],[-120.949,39.138],[-120.947,39.143],[-120.94,39.146],[-120.937,39.151],[-120.93,39.154],[-120.931,39.157],[-120.924,39.157],[-120.925,39.161],[-120.909,39.164],[-120.906,39.167],[-120.909,39.17],[-120.905,39.173],[-120.869,39.181],[-120.869,39.185],[-120.865,39.188],[-120.867,39.19],[-120.858,39.197],[-120.858,39.206],[-120.852,39.212],[-120.828,39.221],[-120.829,39.223],[-120.817,39.23],[-120.804,39.233],[-120.785,39.248],[-120.769,39.256],[-120.764,39.263],[-120.757,39.264],[-120.747,39.275],[-120.728,39.288],[-120.71,39.293],[-120.702,39.3],[-120.691,39.304],[-120.671,39.31],[-120.656,39.308],[-120.646,39.315],[-120.006,39.316],[-120.002,39.067],[-120.144,39.067],[-120.144,39.06],[-120.153,39.06],[-120.153,39.046],[-120.165,39.046],[-120.165,39.038],[-120.184,39.038],[-120.184,39.031],[-120.24,39.031],[-120.24,39.024],[-120.328,39.022],[-120.435,39.028],[-120.445,39.018],[-120.445,39.01],[-120.454,38.995],[-120.451,38.988],[-120.46,38.985],[-120.471,38.966],[-120.486,38.959],[-120.488,38.952],[-120.493,38.949],[-120.493,38.943],[-120.503,38.941],[-120.505,38.935],[-120.512,38.931],[-120.527,38.932],[-120.534,38.926],[-120.545,38.927],[-120.546,38.921],[-120.552,38.921],[-120.556,38.915],[-120.564,38.914],[-120.579,38.917],[-120.586,38.923],[-120.587,38.931],[-120.593,38.932],[-120.594,38.936],[-120.607,38.935],[-120.611,38.943],[-120.629,38.946],[-120.637,38.943],[-120.654,38.948],[-120.655,38.953],[-120.673,38.959],[-120.684,38.968],[-120.681,38.978],[-120.685,38.984],[-120.685,38.989],[-120.704,38.981],[-120.716,38.987],[-120.722,38.993],[-120.723,38.999],[-120.73,39.004],[-120.736,39.001],[-120.744,39.005],[-120.748,39.004],[-120.746,39.01],[-120.753,39.005],[-120.763,39.007],[-120.761,39.002],[-120.767,39.005],[-120.764,39.01],[-120.768,39.009],[-120.798,38.996],[-120.802,39.001],[-120.812,39.0],[-120.815,38.995],[-120.828,38.99],[-120.834,38.972],[-120.849,38.977],[-120.855,38.968],[-120.852,38.96],[-120.86,38.952],[-120.888,38.96],[-120.902,38.953],[-120.938,38.963],[-120.941,38.96],[-120.938,38.957],[-120.938,38.936],[-120.958,38.939],[-120.966,38.933],[-120.992,38.927],[-120.991,38.924],[-121.0,38.918],[-121.019,38.918],[-121.034,38.913],[-121.04,38.916],[-121.043,38.908],[-121.053,38.9],[-121.053,38.897],[-121.044,38.891],[-121.062,38.883],[-121.053,38.868],[-121.062,38.86],[-121.058,38.847],[-121.073,38.843],[-121.087,38.833],[-121.089,38.827],[-121.083,38.823],[-121.084,38.816],[-121.101,38.815],[-121.098,38.807],[-121.102,38.796],[-121.101,38.79],[-121.112,38.774],[-121.119,38.769],[-121.118,38.756],[-121.128,38.734],[-121.133,38.731],[-121.135,38.712],[-121.484,38.735],[-121.484,38.751],[-121.47,38.752]]]}},{"type":"Feature","properties":{"name":"Napa"},"geometry":{"type":"Polygon","coordinates":[[[-122.64,38.612],[-122.633,38.616],[-122.634,38.62],[-122.629,38.623],[-122.629,38.627],[-122.632,38.628],[-122.634,38.639],[-122.624,38.65],[-122.623,38.664],[-122.633,38.669],[-122.464,38.706],[-122.416,38.768],[-122.403,38.773],[-122.409,38.776],[-122.408,38.785],[-122.413,38.786],[-122.409,38.788],[-122.404,38.799],[-122.397,38.805],[-122.38,38.802],[-122.376,38.808],[-122.375,38.826],[-122.404,38.856],[-122.395,38.864],[-122.381,38.85],[-122.351,38.836],[-122.342,38.842],[-122.33,38.842],[-122.324,38.846],[-122.316,38.84],[-122.303,38.842],[-122.302,38.84],[-122.288,38.84],[-122.27,38.803],[-122.254,38.781],[-122.248,38.754],[-122.225,38.728],[-122.224,38.723],[-122.227,38.719],[-122.222,38.699],[-122.212,38.693],[-122.206,38.696],[-122.201,38.691],[-122.198,38.684],[-122.202,38.678],[-122.19,38.664],[-122.181,38.657],[-122.174,38.659],[-122.166,38.655],[-122.16,38.644],[-122.164,38.641],[-122.159,38.635],[-122.169,38.63],[-122.166,38.62],[-122.159,38.619],[-122.149,38.625],[-122.134,38.605],[-122.127,38.587],[-122.115,38.535],[-122.112,38.531],[-122.113,38.527],[-122.104,38.512],[-122.106,38.507],[-122.105,38.491],[-122.123,38.45],[-122.126,38.427],[-122.118,38.414],[-122.115,38.414],[-122.109,38.404],[-122.089,38.384],[-122.078,38.364],[-122.073,38.361],[-122.069,38.342],[-122.061,38.328],[-122.068,38.319],[-122.065,38.316],[-122.206,38.316],[-122.199,38.302],[-122.203,38.293],[-122.188,38.272],[-122.212,38.273],[-122.216,38.266],[-122.213,38.259],[-122.194,38.257],[-122.194,38.252],[-122.201,38.249],[-122.211,38.253],[-122.212,38.249],[-122.202,38.24],[-122.193,38.221],[-122.196,38.219],[-122.194,38.214],[-122.204,38.206],[-122.206,38.196],[-122.212,38.192],[-122.21,38.19],[-122.215,38.189],[-122.213,38.184],[-122.215,38.179],[-122.203,38.172],[-122.203,38.169],[-122.195,38.167],[-122.199,38.159],[-122.195,38.155],[-122.407,38.156],[-122.404,38.16],[-122.397,38.161],[-122.368,38.159],[-122.366,38.166],[-122.369,38.182],[-122.357,38.184],[-122.36,38.197],[-122.35,38.194],[-122.351,38.202],[-122.364,38.215],[-122.365,38.246],[-122.369,38.247],[-122.374,38.244],[-122.373,38.247],[-122.39,38.261],[-122.388,38.274],[-122.396,38.271],[-122.405,38.282],[-122.4,38.29],[-122.404,38.3],[-122.395,38.304],[-122.396,38.309],[-122.405,38.322],[-122.409,38.321],[-122.414,38.331],[-122.412,38.334],[-122.428,38.346],[-122.427,38.349],[-122.438,38.357],[-122.452,38.362],[-122.457,38.368],[-122.454,38.374],[-122.449,38.375],[-122.448,38.38],[-122.466,38.39],[-122.47,38.397],[-122.468,38.4],[-122.471,38.405],[-122.498,38.424],[-122.492,38.435],[-122.486,38.438],[-122.48,38.451],[-122.494,38.457],[-122.509,38.457],[-122.51,38.462],[-122.506,38.465],[-122.516,38.471],[-122.53,38.47],[-122.532,38.479],[-122.545,38.496],[-122.535,38.502],[-122.55,38.511],[-122.542,38.513],[-122.545,38.521],[-122.554,38.526],[-122.567,38.526],[-122.574,38.54],[-122.59,38.554],[-122.608,38.56],[-122.621,38.56],[-122.623,38.568],[-122.632,38.569],[-122.63,38.579],[-122.647,38.599],[-122.64,38.612]]]}},{"type":"Feature","properties":{"name":"Santa Barbara"},"geometry":{"type":"MultiPolygon","coordinates":[[[[-119.038,33.482],[-119.029,33.487],[-119.027,33.477],[-119.034,33.466],[-119.039,33.466],[-119.043,33.471],[-119.047,33.484],[-119.038,33.482]]],[[[-119.922,34.061],[-119.919,34.065],[-119.923,34.069],[-119.919,34.077],[-119.913,34.078],[-119.891,34.073],[-119.857,34.071],[-119.826,34.06],[-119.819,34.053],[-119.808,34.052],[-119.796,34.057],[-119.766,34.055],[-119.759,34.059],[-119.755,34.054],[-119.735,34.046],[-119.726,34.048],[-119.713,34.043],[-119.693,34.029],[-119.687,34.02],[-119.668,34.017],[-119.655,34.02],[-119.651,34.016],[-119.643,34.017],[-119.638,34.013],[-119.619,34.016],[-119.612,34.021],[-119.604,34.032],[-119.609,34.037],[-119.596,34.046],[-119.595,34.05],[-119.589,34.049],[-119.589,34.052],[-119.584,34.054],[-119.573,34.05],[-119.573,34.053],[-119.562,34.055],[-119.556,34.049],[-119.53,34.041],[-119.521,34.034],[-119.528,34.026],[-119.542,34.021],[-119.542,34.015],[-119.548,34.01],[-119.547,34.005],[-119.56,33.996],[-119.576,33.996],[-119.597,33.989],[-119.663,33.986],[-119.721,33.96],[-119.743,33.964],[-119.75,33.964],[-119.758,33.959],[-119.77,33.962],[-119.79,33.959],[-119.793,33.963],[-119.804,33.964],[-119.818,33.96],[-119.82,33.963],[-119.831,33.969],[-119.842,33.97],[-119.848,33.968],[-119.866,33.979],[-119.873,33.98],[-119.881,33.992],[-119.887,34.009],[-119.877,34.024],[-119.876,34.032],[-119.886,34.037],[-119.887,34.042],[-119.916,34.058],[-119.922,34.057],[-119.93,34.06],[-119.922,34.061]]],[[[-120.23,34.01],[-120.196,34.004],[-120.167,34.008],[-120.152,34.018],[-120.148,34.025],[-120.14,34.026],[-120.12,34.023],[-120.115,34.02],[-120.09,34.02],[-120.074,34.024],[-120.058,34.037],[-120.043,34.036],[-120.044,34.025],[-120.05,34.013],[-120.047,34.0],[-120.033,33.99],[-120.013,33.981],[-120.004,33.98],[-119.98,33.984],[-119.977,33.957],[-119.969,33.943],[-120.001,33.942],[-120.018,33.936],[-120.047,33.92],[-120.05,33.915],[-120.099,33.908],[-120.105,33.904],[-120.11,33.896],[-120.116,33.894],[-120.18,33.925],[-120.179,33.928],[-120.19,33.948],[-120.199,33.952],[-120.209,33.972],[-120.219,33.979],[-120.222,33.988],[-120.239,33.993],[-120.239,33.996],[-120.246,33.998],[-120.25,34.002],[-120.23,34.01]]],[[[-120.449,34.037],[-120.44,34.037],[-120.429,34.048],[-120.415,34.055],[-120.404,34.05],[-120.391,34.052],[-120.369,34.068],[-120.368,34.076],[-120.362,34.073],[-120.355,34.059],[-120.36,34.056],[-120.359,34.05],[-120.347,34.047],[-120.331,34.049],[-120.313,34.037],[-120.307,34.03],[-120.307,34.022],[-120.317,34.019],[-120.348,34.02],[-120.358,34.015],[-120.409,34.032],[-120.415,34.032],[-120.427,34.025],[-120.436,34.029],[-120.454,34.028],[-120.449,34.037]]],[[[-120.664,34.921],[-120.664,34.928],[-120.667,34.93],[-120.649,34.975],[-120.634,34.96],[-120.616,34.966],[-120.613,34.971],[-120.602,34.973],[-120.595,34.966],[-120.586,34.967],[-120.575,34.978],[-120.555,34.974],[-120.539,34.984],[-120.496,34.993],[-120.435,34.987],[-120.336,34.931],[-120.324,34.922],[-120.318,34.907],[-120.311,34.904],[-120.302,34.906],[-120.299,34.909],[-120.3,34.916],[-120.292,34.93],[-120.295,34.947],[-120.304,34.957],[-120.302,34.963],[-120.315,34.974],[-120.316,34.984],[-120.326,34.986],[-120.333,34.995],[-120.335,35.006],[-120.324,35.017],[-120.31,35.009],[-120.29,35.015],[-120.279,35.012],[-120.274,35.021],[-120.267,35.021],[-120.26,35.027],[-120.261,35.022],[-120.257,35.018],[-120.25,35.03],[-120.241,35.022],[-120.21,35.021],[-120.211,35.023],[-120.203,35.029],[-120.188,35.03],[-120.186,35.037],[-120.181,35.038],[-120.185,35.048],[-120.18,35.062],[-120.173,35.064],[-120.174,35.071],[-120.156,35.078],[-120.156,35.082],[-120.149,35.081],[-120.149,35.084],[-120.143,35.082],[-120.141,35.085],[-120.145,35.087],[-120.142,35.091],[-120.143,35.096],[-120.13,35.096],[-120.128,35.091],[-120.124,35.1],[-120.12,35.098],[-120.117,35.107],[-120.111,35.103],[-120.108,35.104],[-120.108,35.109],[-120.102,35.109],[-120.101,35.113],[-120.097,35.11],[-120.093,35.114],[-120.082,35.115],[-120.079,35.113],[-120.085,35.108],[-120.072,35.105],[-120.067,35.097],[-120.044,35.086],[-120.04,35.089],[-120.033,35.088],[-120.029,35.084],[-120.024,35.084],[-120.023,35.08],[-120.014,35.081],[-120.014,35.076],[-120.006,35.072],[-120.002,35.073],[-119.993,35.063],[-119.989,35.065],[-119.98,35.062],[-119.98,35.058],[-119.978,35.059],[-119.967,35.056],[-119.965,35.059],[-119.961,35.056],[-119.949,35.057],[-119.943,35.054],[-119.94,35.058],[-119.939,35.055],[-119.928,35.06],[-119.922,35.053],[-119.918,35.053],[-119.917,35.049],[-119.909,35.046],[-119.912,35.045],[-119.908,35.044],[-119.91,35.04],[-119.902,35.039],[-119.902,35.036],[-119.89,35.041],[-119.878,35.04],[-119.863,35.031],[-119.855,35.032],[-119.848,35.025],[-119.844,35.015],[-119.831,35.006],[-119.801,34.999],[-119.799,34.993],[-119.789,34.989],[-119.78,34.991],[-119.746,34.974],[-119.727,34.976],[-119.717,34.972],[-119.701,34.977],[-119.685,34.972],[-119.674,34.974],[-119.655,34.964],[-119.645,34.954],[-119.613,34.95],[-119.578,34.922],[-119.536,34.898],[-119.444,34.901],[-119.443,34.45],[-119.44,34.442],[-119.445,34.43],[-119.453,34.429],[-119.455,34.422],[-119.445,34.409],[-119.446,34.404],[-119.452,34.397],[-119.469,34.388],[-119.473,34.38],[-119.478,34.379],[-119.476,34.375],[-119.479,34.373],[-119.483,34.38],[-119.537,34.396],[-119.564,34.415],[-119.576,34.413],[-119.607,34.42],[-119.63,34.42],[-119.639,34.416],[-119.672,34.416],[-119.688,34.412],[-119.685,34.408],[-119.709,34.395],[-119.729,34.396],[-119.794,34.418],[-119.836,34.416],[-119.84,34.414],[-119.844,34.404],[-119.854,34.408],[-119.878,34.407],[-119.891,34.42],[-119.9,34.421],[-119.92,34.433],[-119.955,34.435],[-120.008,34.46],[-120.019,34.461],[-120.024,34.458],[-120.039,34.463],[-120.089,34.46],[-120.118,34.47],[-120.141,34.473],[-120.169,34.47],[-120.225,34.471],[-120.258,34.467],[-120.295,34.471],[-120.302,34.467],[-120.335,34.463],[-120.341,34.459],[-120.407,34.455],[-120.426,34.45],[-120.442,34.452],[-120.451,34.447],[-120.453,34.442],[-120.463,34.449],[-120.471,34.448],[-120.477,34.475],[-120.497,34.495],[-120.501,34.508],[-120.511,34.523],[-120.581,34.557],[-120.623,34.554],[-120.637,34.561],[-120.641,34.573],[-120.645,34.577],[-120.649,34.577],[-120.645,34.588],[-120.642,34.59],[-120.64,34.6],[-120.643,34.604],[-120.625,34.634],[-120.6,34.705],[-120.615,34.731],[-120.626,34.738],[-120.632,34.753],[-120.637,34.756],[-120.616,34.816],[-120.61,34.843],[-120.61,34.858],[-120.616,34.867],[-120.639,34.88],[-120.64,34.89],[-120.647,34.901],[-120.669,34.902],[-120.672,34.903],[-120.664,34.921]]]]}},{"type":"Feature","properties":{"name":"Tuolumne"},"geometry":{"type":"Polygon","coordinates":[[[-120.637,37.849],[-120.634,37.861],[-120.605,37.873],[-120.605,37.876],[-120.596,37.883],[-120.596,37.889],[-120.588,37.895],[-120.571,37.894],[-120.564,37.903],[-120.562,37.914],[-120.551,37.922],[-120.542,37.92],[-120.537,37.928],[-120.54,37.936],[-120.535,37.944],[-120.517,37.952],[-120.513,37.956],[-120.518,37.965],[-120.528,37.971],[-120.528,37.976],[-120.543,37.976],[-120.528,37.982],[-120.535,37.991],[-120.522,37.995],[-120.516,38.004],[-120.509,38.0],[-120.514,37.996],[-120.505,37.991],[-120.499,37.996],[-120.5,38.008],[-120.492,38.011],[-120.464,38.01],[-120.464,38.013],[-120.47,38.016],[-120.469,38.02],[-120.462,38.022],[-120.454,38.041],[-120.443,38.052],[-120.443,38.059],[-120.431,38.061],[-120.431,38.073],[-120.424,38.073],[-120.422,38.079],[-120.415,38.082],[-120.411,38.088],[-120.41,38.102],[-120.388,38.115],[-120.378,38.136],[-120.371,38.138],[-120.376,38.143],[-120.372,38.15],[-120.358,38.154],[-120.36,38.16],[-120.354,38.164],[-120.35,38.17],[-120.341,38.172],[-120.34,38.178],[-120.337,38.178],[-120.34,38.184],[-120.336,38.185],[-120.33,38.195],[-120.322,38.201],[-120.308,38.224],[-120.291,38.234],[-120.289,38.247],[-120.272,38.26],[-120.274,38.264],[-120.271,38.27],[-120.26,38.278],[-120.256,38.286],[-120.24,38.296],[-120.229,38.314],[-120.205,38.33],[-120.176,38.374],[-120.135,38.397],[-120.088,38.403],[-120.074,38.414],[-120.049,38.419],[-120.041,38.426],[-120.03,38.425],[-120.02,38.434],[-119.885,38.356],[-119.87,38.368],[-119.838,38.382],[-119.815,38.388],[-119.802,38.401],[-119.78,38.408],[-119.771,38.407],[-119.751,38.417],[-119.713,38.418],[-119.704,38.415],[-119.698,38.409],[-119.694,38.379],[-119.7,38.365],[-119.639,38.327],[-119.645,38.318],[-119.643,38.316],[-119.642,38.294],[-119.651,38.287],[-119.642,38.278],[-119.638,38.278],[-119.63,38.269],[-119.613,38.261],[-119.622,38.253],[-119.614,38.243],[-119.605,38.239],[-119.605,38.234],[-119.624,38.229],[-119.625,38.206],[-119.631,38.204],[-119.633,38.199],[-119.621,38.192],[-119.606,38.188],[-119.598,38.182],[-119.587,38.185],[-119.578,38.176],[-119.581,38.173],[-119.576,38.158],[-119.566,38.157],[-119.564,38.154],[-119.547,38.154],[-119.546,38.143],[-119.531,38.144],[-119.516,38.137],[-119.506,38.137],[-119.508,38.153],[-119.502,38.159],[-119.497,38.157],[-119.497,38.149],[-119.489,38.143],[-119.489,38.132],[-119.469,38.128],[-119.473,38.117],[-119.462,38.109],[-119.458,38.111],[-119.464,38.104],[-119.464,38.098],[-119.46,38.096],[-119.448,38.099],[-119.446,38.093],[-119.44,38.096],[-119.442,38.103],[-119.431,38.116],[-119.424,38.107],[-119.397,38.107],[-119.39,38.099],[-119.383,38.098],[-119.38,38.093],[-119.375,38.094],[-119.371,38.089],[-119.365,38.09],[-119.357,38.083],[-119.35,38.086],[-119.346,38.083],[-119.336,38.066],[-119.328,38.066],[-119.324,38.061],[-119.323,38.05],[-119.311,38.045],[-119.314,38.035],[-119.31,38.034],[-119.305,38.024],[-119.308,38.019],[-119.31,38.001],[-119.318,37.986],[-119.315,37.981],[-119.323,37.971],[-119.315,37.964],[-119.313,37.953],[-119.308,37.947],[-119.296,37.943],[-119.288,37.933],[-119.281,37.934],[-119.264,37.927],[-119.264,37.912],[-119.24,37.912],[-119.227,37.907],[-119.22,37.899],[-119.211,37.899],[-119.211,37.894],[-119.2,37.885],[-119.206,37.883],[-119.213,37.873],[-119.213,37.857],[-119.217,37.85],[-119.21,37.846],[-119.202,37.848],[-119.196,37.844],[-119.207,37.84],[-119.204,37.83],[-119.213,37.825],[-119.217,37.819],[-119.205,37.812],[-119.201,37.804],[-119.204,37.793],[-119.213,37.792],[-119.221,37.779],[-119.243,37.769],[-119.25,37.757],[-119.255,37.756],[-119.256,37.745],[-119.269,37.739],[-119.288,37.745],[-119.289,37.755],[-119.294,37.76],[-119.293,37.768],[-119.311,37.778],[-119.307,37.783],[-119.31,37.786],[-119.31,37.793],[-119.322,37.794],[-119.327,37.799],[-119.332,37.799],[-119.355,37.812],[-119.351,37.826],[-119.373,37.833],[-119.376,37.841],[-119.384,37.836],[-119.393,37.838],[-119.403,37.835],[-119.407,37.855],[-119.422,37.858],[-119.427,37.867],[-119.443,37.86],[-119.442,37.868],[-119.451,37.871],[-119.463,37.868],[-119.474,37.856],[-119.484,37.864],[-119.492,37.863],[-119.503,37.868],[-119.515,37.884],[-119.53,37.891],[-119.536,37.904],[-119.563,37.903],[-119.582,37.894],[-119.587,37.888],[-119.585,37.875],[-119.598,37.861],[-119.61,37.853],[-119.619,37.853],[-119.625,37.848],[-119.638,37.849],[-119.649,37.845],[-119.658,37.834],[-119.651,37.821],[-119.654,37.81],[-119.66,37.809],[-119.667,37.801],[-119.69,37.8],[-119.7,37.789],[-119.71,37.794],[-119.723,37.788],[-119.734,37.788],[-119.746,37.783],[-119.751,37.773],[-119.769,37.771],[-119.772,37.767],[-119.781,37.763],[-119.792,37.765],[-119.805,37.76],[-119.805,37.756],[-119.809,37.755],[-119.825,37.762],[-119.828,37.768],[-119.838,37.77],[-119.842,37.769],[-119.841,37.765],[-119.852,37.758],[-119.868,37.773],[-119.876,37.773],[-119.873,37.768],[-119.876,37.764],[-119.899,37.761],[-119.901,37.758],[-119.924,37.764],[-119.938,37.763],[-119.945,37.765],[-119.948,37.77],[-119.955,37.773],[-119.965,37.783],[-119.998,37.796],[-120.027,37.812],[-120.036,37.808],[-120.046,37.813],[-120.055,37.813],[-120.059,37.825],[-120.065,37.823],[-120.08,37.829],[-120.09,37.822],[-120.09,37.811],[-120.099,37.808],[-120.101,37.801],[-120.116,37.793],[-120.12,37.79],[-120.119,37.786],[-120.124,37.786],[-120.127,37.782],[-120.142,37.783],[-120.154,37.788],[-120.162,37.787],[-120.169,37.792],[-120.174,37.799],[-120.178,37.795],[-120.182,37.796],[-120.181,37.788],[-120.189,37.78],[-120.184,37.775],[-120.189,37.768],[-120.198,37.769],[-120.201,37.763],[-120.216,37.765],[-120.227,37.76],[-120.238,37.765],[-120.24,37.753],[-120.257,37.748],[-120.262,37.741],[-120.258,37.736],[-120.261,37.734],[-120.276,37.739],[-120.282,37.745],[-120.287,37.74],[-120.284,37.734],[-120.286,37.73],[-120.308,37.736],[-120.315,37.734],[-120.321,37.726],[-120.332,37.729],[-120.345,37.726],[-120.338,37.709],[-120.333,37.707],[-120.33,37.698],[-120.306,37.666],[-120.312,37.663],[-120.31,37.656],[-120.326,37.649],[-120.353,37.675],[-120.362,37.673],[-120.366,37.681],[-120.392,37.684],[-120.394,37.668],[-120.375,37.652],[-120.388,37.634],[-120.653,37.833],[-120.637,37.849]]]}},{"type":"Feature","properties":{"name":"Orange"},"geometry":{"type":"Polygon","coordinates":[[[-118.092,33.758],[-118.097,33.779],[-118.085,33.803],[-118.073,33.815],[-118.063,33.82],[-118.059,33.846],[-118.055,33.846],[-118.055,33.85],[-118.046,33.854],[-118.046,33.859],[-118.038,33.862],[-118.038,33.866],[-118.029,33.866],[-118.029,33.873],[-118.011,33.873],[-118.011,33.881],[-118.003,33.881],[-118.003,33.888],[-117.994,33.888],[-117.994,33.896],[-117.985,33.896],[-117.985,33.903],[-117.977,33.903],[-117.976,33.946],[-117.783,33.946],[-117.733,33.91],[-117.679,33.878],[-117.672,33.869],[-117.675,33.869],[-117.674,33.858],[-117.662,33.857],[-117.58,33.768],[-117.536,33.758],[-117.534,33.71],[-117.475,33.704],[-117.413,33.659],[-117.51,33.534],[-117.51,33.521],[-117.503,33.52],[-117.504,33.509],[-117.51,33.509],[-117.509,33.47],[-117.538,33.456],[-117.557,33.451],[-117.578,33.454],[-117.596,33.388],[-117.6,33.397],[-117.622,33.422],[-117.658,33.45],[-117.681,33.462],[-117.689,33.462],[-117.691,33.454],[-117.707,33.46],[-117.715,33.46],[-117.726,33.483],[-117.734,33.486],[-117.74,33.496],[-117.784,33.542],[-117.804,33.547],[-117.808,33.551],[-117.82,33.555],[-117.819,33.558],[-117.84,33.574],[-117.873,33.593],[-117.928,33.607],[-117.941,33.62],[-118.001,33.654],[-118.089,33.731],[-118.115,33.745],[-118.092,33.758]]]}},{"type":"Feature","properties":{"name":"San Luis Obispo"},"geometry":{"type":"Polygon","coordinates":[[[-120.194,35.789],[-120.194,35.614],[-120.086,35.614],[-120.087,35.526],[-120.069,35.527],[-120.069,35.513],[-120.051,35.513],[-120.051,35.498],[-120.033,35.498],[-120.033,35.483],[-120.014,35.483],[-120.015,35.469],[-119.997,35.469],[-119.993,35.454],[-119.993,35.439],[-119.88,35.439],[-119.88,35.351],[-119.809,35.351],[-119.809,35.264],[-119.667,35.263],[-119.667,35.175],[-119.554,35.18],[-119.562,35.088],[-119.49,35.092],[-119.491,35.077],[-119.473,35.077],[-119.472,34.901],[-119.49,34.901],[-119.49,34.897],[-119.536,34.898],[-119.578,34.922],[-119.613,34.95],[-119.645,34.954],[-119.655,34.964],[-119.674,34.974],[-119.685,34.972],[-119.701,34.977],[-119.717,34.972],[-119.727,34.976],[-119.746,34.974],[-119.78,34.991],[-119.789,34.989],[-119.799,34.993],[-119.801,34.999],[-119.831,35.006],[-119.844,35.015],[-119.848,35.025],[-119.855,35.032],[-119.863,35.031],[-119.878,35.04],[-119.89,35.041],[-119.902,35.036],[-119.902,35.039],[-119.91,35.04],[-119.908,35.044],[-119.912,35.045],[-119.909,35.046],[-119.917,35.049],[-119.918,35.053],[-119.922,35.053],[-119.928,35.06],[-119.939,35.055],[-119.94,35.058],[-119.943,35.054],[-119.949,35.057],[-119.961,35.056],[-119.965,35.059],[-119.967,35.056],[-119.978,35.059],[-119.98,35.058],[-119.98,35.062],[-119.989,35.065],[-119.993,35.063],[-120.002,35.073],[-120.006,35.072],[-120.014,35.076],[-120.014,35.081],[-120.023,35.08],[-120.024,35.084],[-120.029,35.084],[-120.033,35.088],[-120.04,35.089],[-120.044,35.086],[-120.067,35.097],[-120.072,35.105],[-120.085,35.108],[-120.079,35.113],[-120.082,35.115],[-120.093,35.114],[-120.097,35.11],[-120.101,35.113],[-120.102,35.109],[-120.108,35.109],[-120.108,35.104],[-120.111,35.103],[-120.117,35.107],[-120.12,35.098],[-120.124,35.1],[-120.128,35.091],[-120.13,35.096],[-120.143,35.096],[-120.142,35.091],[-120.145,35.087],[-120.141,35.085],[-120.143,35.082],[-120.149,35.084],[-120.149,35.081],[-120.156,35.082],[-120.156,35.078],[-120.174,35.071],[-120.173,35.064],[-120.18,35.062],[-120.185,35.048],[-120.181,35.038],[-120.186,35.037],[-120.188,35.03],[-120.203,35.029],[-120.211,35.023],[-120.21,35.021],[-120.241,35.022],[-120.25,35.03],[-120.257,35.018],[-120.261,35.022],[-120.26,35.027],[-120.267,35.021],[-120.274,35.021],[-120.279,35.012],[-120.29,35.015],[-120.31,35.009],[-120.324,35.017],[-120.335,35.006],[-120.333,34.995],[-120.326,34.986],[-120.316,34.984],[-120.315,34.974],[-120.302,34.963],[-120.304,34.957],[-120.295,34.947],[-120.292,34.93],[-120.3,34.916],[-120.299,34.909],[-120.302,34.906],[-120.311,34.904],[-120.318,34.907],[-120.324,34.922],[-120.336,34.931],[-120.439,34.988],[-120.496,34.993],[-120.539,34.984],[-120.555,34.974],[-120.575,34.978],[-120.586,34.967],[-120.595,34.966],[-120.602,34.973],[-120.613,34.971],[-120.616,34.966],[-120.634,34.96],[-120.649,34.975],[-120.634,35.033],[-120.63,35.078],[-120.631,35.104],[-120.637,35.129],[-120.646,35.144],[-120.662,35.153],[-120.675,35.153],[-120.699,35.171],[-120.714,35.176],[-120.749,35.178],[-120.755,35.175],[-120.756,35.16],[-120.77,35.164],[-120.79,35.18],[-120.794,35.179],[-120.856,35.206],[-120.864,35.218],[-120.869,35.219],[-120.879,35.232],[-120.897,35.248],[-120.897,35.254],[-120.9,35.255],[-120.894,35.266],[-120.896,35.271],[-120.894,35.274],[-120.889,35.274],[-120.887,35.283],[-120.872,35.308],[-120.862,35.347],[-120.862,35.361],[-120.87,35.362],[-120.87,35.372],[-120.865,35.372],[-120.864,35.377],[-120.866,35.393],[-120.885,35.43],[-120.908,35.449],[-120.947,35.447],[-120.969,35.46],[-120.976,35.459],[-120.994,35.464],[-121.003,35.461],[-121.026,35.485],[-121.036,35.489],[-121.047,35.503],[-121.061,35.511],[-121.101,35.549],[-121.109,35.568],[-121.121,35.582],[-121.128,35.597],[-121.143,35.605],[-121.166,35.635],[-121.189,35.643],[-121.195,35.641],[-121.195,35.635],[-121.221,35.652],[-121.24,35.652],[-121.261,35.664],[-121.287,35.666],[-121.29,35.689],[-121.315,35.713],[-121.313,35.722],[-121.318,35.729],[-121.316,35.731],[-121.318,35.745],[-121.316,35.753],[-121.328,35.76],[-121.325,35.762],[-121.325,35.769],[-121.332,35.783],[-121.346,35.795],[-120.194,35.789]]]}},{"type":"Feature","properties":{"name":"Solano"},"geometry":{"type":"Polygon","coordinates":[[[-122.195,38.155],[-122.199,38.159],[-122.195,38.167],[-122.203,38.169],[-122.203,38.172],[-122.215,38.179],[-122.213,38.184],[-122.215,38.189],[-122.21,38.19],[-122.212,38.192],[-122.206,38.196],[-122.204,38.206],[-122.194,38.214],[-122.196,38.219],[-122.193,38.221],[-122.202,38.24],[-122.212,38.249],[-122.211,38.253],[-122.201,38.249],[-122.194,38.252],[-122.194,38.257],[-122.213,38.259],[-122.216,38.266],[-122.212,38.273],[-122.188,38.272],[-122.203,38.293],[-122.199,38.302],[-122.206,38.316],[-122.065,38.316],[-122.068,38.319],[-122.062,38.326],[-122.071,38.346],[-122.073,38.361],[-122.078,38.364],[-122.089,38.384],[-122.109,38.404],[-122.115,38.414],[-122.118,38.414],[-122.126,38.427],[-122.123,38.45],[-122.105,38.491],[-122.107,38.495],[-122.104,38.513],[-122.091,38.516],[-122.074,38.514],[-122.057,38.517],[-122.042,38.506],[-122.036,38.496],[-122.013,38.489],[-121.978,38.508],[-121.964,38.523],[-121.947,38.527],[-121.94,38.533],[-121.909,38.53],[-121.894,38.533],[-121.886,38.539],[-121.86,38.539],[-121.833,38.53],[-121.813,38.526],[-121.795,38.527],[-121.786,38.523],[-121.78,38.53],[-121.771,38.532],[-121.765,38.526],[-121.739,38.538],[-121.722,38.535],[-121.712,38.538],[-121.701,38.527],[-121.695,38.527],[-121.694,38.314],[-121.593,38.313],[-121.599,38.31],[-121.6,38.302],[-121.605,38.296],[-121.605,38.286],[-121.601,38.279],[-121.604,38.27],[-121.6,38.258],[-121.602,38.223],[-121.614,38.196],[-121.623,38.193],[-121.632,38.194],[-121.648,38.185],[-121.663,38.182],[-121.686,38.16],[-121.692,38.133],[-121.707,38.11],[-121.711,38.086],[-121.729,38.082],[-121.743,38.087],[-121.798,38.06],[-121.828,38.066],[-121.842,38.077],[-121.862,38.07],[-121.867,38.057],[-121.875,38.051],[-121.901,38.045],[-121.935,38.049],[-121.977,38.067],[-122.015,38.063],[-122.028,38.059],[-122.061,38.062],[-122.123,38.036],[-122.142,38.032],[-122.157,38.033],[-122.168,38.037],[-122.184,38.054],[-122.244,38.064],[-122.27,38.06],[-122.283,38.083],[-122.303,38.103],[-122.361,38.133],[-122.398,38.143],[-122.407,38.156],[-122.195,38.155]]]}},{"type":"Feature","properties":{"name":"Kern"},"geometry":{"type":"Polygon","coordinates":[[[-118.571,35.79],[-118.449,35.792],[-118.059,35.791],[-117.923,35.787],[-117.924,35.798],[-117.634,35.798],[-117.634,35.71],[-117.652,35.71],[-117.652,35.681],[-117.617,35.681],[-117.617,35.652],[-117.634,35.651],[-117.635,35.564],[-117.63,35.564],[-117.63,35.466],[-117.63,35.451],[-117.634,35.451],[-117.634,35.435],[-117.631,35.42],[-117.632,34.822],[-118.854,34.818],[-118.854,34.803],[-118.877,34.803],[-118.884,34.811],[-118.88,34.818],[-118.895,34.818],[-118.88,34.789],[-118.978,34.79],[-118.978,34.812],[-119.243,34.814],[-119.243,34.858],[-119.277,34.857],[-119.276,34.872],[-119.382,34.874],[-119.384,34.901],[-119.472,34.901],[-119.473,35.077],[-119.491,35.077],[-119.49,35.092],[-119.562,35.088],[-119.554,35.18],[-119.667,35.175],[-119.667,35.263],[-119.809,35.264],[-119.809,35.351],[-119.88,35.351],[-119.88,35.439],[-119.993,35.439],[-119.993,35.454],[-119.997,35.469],[-120.015,35.469],[-120.014,35.483],[-120.033,35.483],[-120.033,35.498],[-120.051,35.498],[-120.051,35.513],[-120.069,35.513],[-120.069,35.527],[-120.087,35.526],[-120.086,35.614],[-120.194,35.614],[-120.194,35.789],[-118.571,35.79]]]}},{"type":"Feature","properties":{"name":"San Francisco"},"geometry":{"type":"MultiPolygon","coordinates":[[[[-122.369,37.831],[-122.363,37.823],[-122.364,37.819],[-122.359,37.814],[-122.362,37.807],[-122.373,37.811],[-122.371,37.815],[-122.379,37.827],[-122.378,37.83],[-122.369,37.831]]],[[[-122.419,37.862],[-122.42,37.861],[-122.42,37.863],[-122.419,37.862]]],[[[-122.42,37.827],[-122.421,37.825],[-122.423,37.825],[-122.425,37.829],[-122.42,37.827]]],[[[-122.505,37.788],[-122.486,37.791],[-122.477,37.809],[-122.464,37.805],[-122.41,37.809],[-122.401,37.805],[-122.388,37.789],[-122.387,37.764],[-122.382,37.761],[-122.383,37.753],[-122.377,37.752],[-122.368,37.74],[-122.374,37.74],[-122.375,37.733],[-122.366,37.733],[-122.359,37.729],[-122.364,37.722],[-122.363,37.718],[-122.365,37.716],[-122.379,37.724],[-122.383,37.721],[-122.376,37.716],[-122.379,37.709],[-122.502,37.708],[-122.514,37.781],[-122.505,37.788]]],[[[-123.008,37.699],[-123.004,37.704],[-122.999,37.697],[-123.003,37.693],[-123.013,37.696],[-123.014,37.7],[-123.008,37.699]]],[[[-122.328,37.781],[-122.332,37.782],[-122.332,37.787],[-122.328,37.781]]]]}}]}